ObjectID,GlobalID,CreationDate,Creator,EditDate,Editor,Survey date,Survey start time,Survey point ID,How many people are in your group?,Is black crowberry present?,How many of the grid cells contain crowberry?,How many of the grid cells contain crowberry flowers?,How many of the grid cells contain crowberry fruits?,How many of the grid cells contain brown crowberry leaves?,Is three-toothed cinquefoil present?,How many of the grid cells contain cinquefoil?,How many of the grid cells contain cinquefoil flowers?,How many of the grid cells contain cinquefoil fruits?,How many of the grid cells contain brown cinquefoil leaves?,Survey end time,Did you take a picture of crowberry and upload it to iNaturalist?,Did you take a picture of cinquefoil and upload it to iNaturalist?,Notes?,Site code,Grid cell number,x,y
7,408e6f53-f4a4-4568-bf8c-c62d091226c5,6/29/2023 6:09:14 PM,hannah.webber,6/29/2023 6:09:14 PM,hannah.webber,6/29/2023 4:00:00 PM,10:03,,JR,Yes,20,3,0,7,Yes,7,1,1,0,10:13,"Yes, but not uploaded","Yes, but not uploaded",,Bmis,3797,-68.06142805,44.33334908
8,9afc0bb1-d01c-4d99-a910-8d624dae66b5,6/29/2023 6:09:15 PM,hannah.webber,6/29/2023 6:09:15 PM,hannah.webber,6/29/2023 4:00:00 PM,10:20,,JR,Yes,25,0,0,25,No,,,,,10:42,"Yes, but not uploaded",,Dirty undies at center of square. Yuck!,Bmis,3796,-68.0614295,44.33351016
9,f89cc2a5-e94e-4247-adbb-9c6bb659b1e5,6/29/2023 6:09:16 PM,hannah.webber,6/29/2023 6:09:16 PM,hannah.webber,6/29/2023 4:00:00 PM,10:45,,JR,Yes,25,0,4,21,Yes,10,0,0,0,10:53,"Yes, but not uploaded","Yes, but not uploaded",,Bmsi,3795,-68.06142505,44.33363531
10,9595230c-f65c-4c65-88af-a62a2ab4266a,6/29/2023 6:09:17 PM,hannah.webber,6/29/2023 6:09:17 PM,hannah.webber,6/29/2023 4:00:00 PM,10:57,,JR,No,,,,,No,,,,,10:59,,,Plot is under tree canopy,Bmis,3794,-68.06142078,44.33371794
11,092c5d69-5602-48d8-9964-fcad371bce3c,6/29/2023 6:09:18 PM,hannah.webber,6/29/2023 6:09:18 PM,hannah.webber,6/29/2023 4:00:00 PM,11:03,,JR,Yes,24,0,0,24,Yes,10,5,0,0,11:13,"Yes, but not uploaded","Yes, but not uploaded",,Bmis,3703,-68.06160851,44.33351106
12,1199f4ea-aab4-49bf-9ac5-a56290aaea04,6/29/2023 6:09:19 PM,hannah.webber,6/29/2023 6:09:19 PM,hannah.webber,6/29/2023 4:00:00 PM,11:21,,JR,Yes,25,0,0,23,No,,,,,11:26,"Yes, but not uploaded",,,Bmsi,3702,-68.06159688,44.33364243
13,4729ad16-b2ce-46ea-b873-50d57f0c8ca2,6/29/2023 6:09:19 PM,hannah.webber,6/29/2023 6:09:19 PM,hannah.webber,6/29/2023 4:00:00 PM,11:29,,JR,Yes,8,0,0,8,No,,,,,11:33,"Yes, but not uploaded",,,Bmsi,3701,-68.06164773,44.33378707
14,3e9f8efd-1b55-4ad9-b59c-31d5f11fb059,6/29/2023 6:09:20 PM,hannah.webber,6/29/2023 6:09:20 PM,hannah.webber,6/29/2023 4:00:00 PM,11:38,,JR,Yes,10,0,0,7,Yes,1,0,0,0,11:42,"Yes, but not uploaded","Yes, but not uploaded",,Bmsi,3608,-68.06174227,44.33378495
15,10c7cfc5-b1ec-4b9c-8425-3fe821778198,6/29/2023 6:09:21 PM,hannah.webber,6/29/2023 6:09:21 PM,hannah.webber,6/29/2023 4:00:00 PM,11:49,,JR,Yes,5,0,0,5,Yes,2,0,0,0,11:52,"Yes, but not uploaded","Yes, but not uploaded",,Bmis,3609,-68.06177491,44.33364388
16,7f9d59a0-dd10-4415-81ad-0dd628e8c001,6/29/2023 6:09:23 PM,hannah.webber,6/29/2023 6:09:23 PM,hannah.webber,6/29/2023 4:00:00 PM,12:22,,JR,Yes,24,0,0,20,Yes,13,0,0,0,12:26,"Yes, but not uploaded","Yes, but not uploaded",,Bmis,3516,-68.06195969,44.33365709
17,27bc231f-5c5d-458d-a776-b8639ef629c7,6/29/2023 6:09:24 PM,hannah.webber,6/29/2023 6:09:24 PM,hannah.webber,6/29/2023 4:00:00 PM,12:27,,JR,Yes,7,0,0,3,Yes,5,0,0,0,12:34,"Yes, but not uploaded","Yes, but not uploaded",,Bmis,3515,-68.06194554,44.33376225
18,6806902c-d2e8-4651-a1a0-dfff7b6d4e65,6/29/2023 6:09:25 PM,hannah.webber,6/29/2023 6:09:25 PM,hannah.webber,6/29/2023 4:00:00 PM,12:39,,JR,Yes,4,0,0,3,No,,,,,12:43,"Yes, but not uploaded",,,Bmis,3517,-68.06198151,44.33349692
19,7c63e06a-bdb9-47e8-ade0-bd42d76178dc,6/29/2023 6:09:26 PM,hannah.webber,6/29/2023 6:09:26 PM,hannah.webber,6/29/2023 4:00:00 PM,12:45,,JR,Yes,22,0,0,22,Yes,11,8,5,0,12:49,"Yes, but not uploaded","Yes, but not uploaded",,Bmis,3518,-68.06194064,44.33339394
20,d1cee1c9-437f-4952-8c6d-2cdd4ea482b0,6/29/2023 6:09:26 PM,hannah.webber,6/29/2023 6:09:26 PM,hannah.webber,6/29/2023 4:00:00 PM,12:51,,JR,Yes,13,0,1,13,Yes,10,0,0,0,12:56,"Yes, but not uploaded","Yes, but not uploaded",,Bmis,3426,-68.06211252,44.33328579
21,ae0e1f4e-8287-4c52-8de7-f39495e2b460,6/29/2023 6:09:27 PM,hannah.webber,6/29/2023 6:09:27 PM,hannah.webber,6/29/2023 4:00:00 PM,13:02,,TR,Yes,25,0,8,5,Yes,15,5,0,0,13:07,"Yes, but not uploaded","Yes, but not uploaded",,mdis,3427,-68.06214806,44.33315624
22,600380b8-8b4c-4f44-a995-b4e3a9703690,6/29/2023 6:09:28 PM,hannah.webber,6/29/2023 6:09:28 PM,hannah.webber,6/29/2023 4:00:00 PM,13:18,,JR,Yes,25,0,0,25,Yes,8,0,0,0,13:22,"Yes, but not uploaded","Yes, but not uploaded",,Bmis,3611,-68.06177585,44.33337893
23,c1d1f53e-0298-495f-b48f-bee67ea89e45,6/29/2023 6:09:29 PM,hannah.webber,6/29/2023 6:09:29 PM,hannah.webber,6/29/2023 4:00:00 PM,13:24,,JR,Yes,19,0,0,19,Yes,4,2,0,0,13:27,"Yes, but not uploaded","Yes, but not uploaded",,Bmis,3610,-68.0617472,44.33354715
24,c7f9b8f1-6d29-447d-9fa6-eadb1f60ed35,6/30/2023 7:48:41 PM,hannah.webber,6/30/2023 7:48:41 PM,hannah.webber,6/30/2023 4:00:00 PM,10:32,,JR,No,,,,,Yes,3,0,0,0,10:39,,"Yes, but not uploaded",,caba,182,-68.2318502,44.38155618
25,90b0e6ef-a2f3-4755-a54a-4e123066033e,6/30/2023 7:48:43 PM,hannah.webber,6/30/2023 7:48:43 PM,hannah.webber,6/30/2023 4:00:00 PM,10:42,,JR,No,,,,,Yes,14,7,0,0,10:53,,"Yes, but not uploaded",,caba,158,-68.23202442,44.38155578
26,9748df31-6da9-47b6-b944-b065ab2fd1ab,6/30/2023 7:48:44 PM,hannah.webber,6/30/2023 7:48:44 PM,hannah.webber,6/30/2023 4:00:00 PM,10:57,,JR,No,,,,,No,,,,,11:04,,,,caba,134,-68.23217983,44.38154842
27,89bb0975-dda5-4a62-91af-d01ff8534549,6/30/2023 7:48:46 PM,hannah.webber,6/30/2023 7:48:46 PM,hannah.webber,6/30/2023 4:00:00 PM,11:07,,JR,No,,,,,No,,,,,11:15,,,,caba,110,-68.23238085,44.38157638
28,792d48ff-8c46-4060-a1d2-a39c7c743e19,6/30/2023 7:48:48 PM,hannah.webber,6/30/2023 7:48:48 PM,hannah.webber,6/30/2023 4:00:00 PM,11:18,,JR,No,,,,,Yes,3,0,0,0,11:23,,"Yes, but not uploaded",,caba,111,-68.23240218,44.38143813
29,7dbc240d-07d7-4bc7-ae4c-f18dea5bd23d,6/30/2023 7:48:49 PM,hannah.webber,6/30/2023 7:48:49 PM,hannah.webber,6/30/2023 4:00:00 PM,11:24,,JR,No,,,,,Yes,9,2,0,0,11:28,,"Yes, but not uploaded",,caba,135,-68.23220486,44.38141821
30,05adeb22-4795-452e-a85e-c19b9ccf2652,6/30/2023 7:48:50 PM,hannah.webber,6/30/2023 7:48:50 PM,hannah.webber,6/30/2023 4:00:00 PM,11:31,,JR,No,,,,,Yes,17,3,0,0,11:35,,"Yes, but not uploaded",,caba,159,-68.23203471,44.38145683
31,abd3f069-043e-491c-8e9a-fab7bc7fff4e,6/30/2023 7:48:51 PM,hannah.webber,6/30/2023 7:48:51 PM,hannah.webber,6/30/2023 4:00:00 PM,11:36,,JR,No,,,,,Yes,21,7,0,5,11:39,,"Yes, but not uploaded",,caba,183,-68.23187097,44.38144495
32,fb4de52b-c060-444c-8e7a-a74fec13d1fd,6/30/2023 7:48:53 PM,hannah.webber,6/30/2023 7:48:53 PM,hannah.webber,6/30/2023 4:00:00 PM,11:43,,JR,No,,,,,No,,,,,11:44,,,,cabz,184,-68.23184331,44.38131783
33,a16d230b-3ce5-496f-aadb-8199db66ff9a,6/30/2023 7:48:54 PM,hannah.webber,6/30/2023 7:48:54 PM,hannah.webber,6/30/2023 4:00:00 PM,11:46,,JR,No,,,,,Yes,4,0,0,1,11:53,,"Yes, but not uploaded",,caba,160,-68.2320441,44.38131273
34,2d800488-0f74-4d5a-9f97-2254bb42962c,6/30/2023 7:48:56 PM,hannah.webber,6/30/2023 7:48:56 PM,hannah.webber,6/30/2023 4:00:00 PM,12:33,,JR,No,,,,,No,,,,,12:37,,,,cabo,136,-68.23221901,44.38130556
35,1dcdaa32-8cea-492a-8046-62931f995944,6/30/2023 7:48:57 PM,hannah.webber,6/30/2023 7:48:57 PM,hannah.webber,6/30/2023 4:00:00 PM,12:39,,JR,No,,,,,No,,,,,12:43,,,,caba,112,-68.2324137,44.38131306
36,6beaba2a-6d2d-4a3b-9e14-d83499e260c2,6/30/2023 7:48:57 PM,hannah.webber,6/30/2023 7:48:57 PM,hannah.webber,6/30/2023 4:00:00 PM,12:45,,JR,No,,,,,Yes,3,0,0,0,12:49,,"Yes, but not uploaded",,caba,137,-68.23219182,44.38119425
37,93e42d74-e9f5-40cb-8dde-8f19a74c2115,6/30/2023 7:48:58 PM,hannah.webber,6/30/2023 7:48:58 PM,hannah.webber,6/30/2023 4:00:00 PM,12:52,,JR,No,,,,,No,,,,,12:55,,,,caba,161,-68.23200914,44.38115834
38,29cfd308-1fc4-4c05-94c0-cff69e61648a,6/30/2023 7:49:00 PM,hannah.webber,6/30/2023 7:49:00 PM,hannah.webber,6/30/2023 4:00:00 PM,12:57,,JR,No,,,,,Yes,4,1,0,0,13:00,,"Yes, but not uploaded",,caba,185,-68.2318618,44.38117949
39,17e8a490-4e88-4ca6-ac0e-3c0639e0ee65,6/30/2023 7:49:01 PM,hannah.webber,6/30/2023 7:49:01 PM,hannah.webber,6/30/2023 4:00:00 PM,13:10,,JR,No,,,,,Yes,9,0,0,0,13:14,,"Yes, but not uploaded",,caba,231,-68.23148069,44.381446
40,4cb923c5-5853-4974-80f8-595b7951e3b1,6/30/2023 7:49:02 PM,hannah.webber,6/30/2023 7:49:02 PM,hannah.webber,6/30/2023 4:00:00 PM,13:16,,JR,No,,,,,Yes,4,0,0,0,13:20,,"Yes, but not uploaded",,caba,255,-68.23132263,44.3814325
41,03f03179-5740-438d-9b23-e150e0794523,6/30/2023 7:49:03 PM,hannah.webber,6/30/2023 7:49:03 PM,hannah.webber,6/30/2023 4:00:00 PM,13:22,,JR,No,,,,,Yes,11,1,0,2,13:24,,"Yes, but not uploaded",,caba,256,-68.23130438,44.38130234
42,561e73d5-1188-45d4-9a17-c07aa89617ee,6/30/2023 7:49:04 PM,hannah.webber,6/30/2023 7:49:04 PM,hannah.webber,6/30/2023 4:00:00 PM,13:26,,JR,No,,,,,Yes,15,0,0,0,13:29,,"Yes, but not uploaded",,caba,257,-68.23129932,44.38116394
43,daa94b93-b8cf-4a92-ba7c-b042e93f52f8,6/30/2023 7:49:06 PM,hannah.webber,6/30/2023 7:49:06 PM,hannah.webber,6/30/2023 4:00:00 PM,13:30,,JR,No,,,,,Yes,19,3,0,2,13:34,,"Yes, but not uploaded",,caba,236,-68.23148356,44.38118597
44,bffdcc0b-d992-4da0-a018-9c76637a3106,6/30/2023 7:49:07 PM,hannah.webber,6/30/2023 7:49:07 PM,hannah.webber,6/30/2023 4:00:00 PM,13:36,,JR,No,,,,,Yes,19,2,0,0,13:38,,"Yes, but not uploaded",,caba,232,-68.23147196,44.38133499
45,ac59bdc7-96bd-4d47-ad00-72ffd480f4d6,7/3/2023 3:59:37 PM,,7/3/2023 3:59:37 PM,,6/29/2023 4:00:00 PM,09:18,,Ew,No,,,,,No,,,,,10:29,,,,Bmis,2116,-68.0646450247558,44.3343096202276
46,f2a0dabf-caf2-4813-ac13-3fb7465ee50e,7/3/2023 3:59:38 PM,,7/3/2023 3:59:38 PM,,6/29/2023 4:00:00 PM,10:29,,Ew,Yes,22,0,2,10,No,,,,,10:45,"Yes, but not uploaded",,,Bmis,2209,-68.0644300506286,44.3343029359007
47,225c7247-debc-4a8e-9102-13c67bc944ee,7/3/2023 3:59:39 PM,,7/3/2023 3:59:39 PM,,6/29/2023 4:00:00 PM,10:46,,Ew,No,,,,,No,,,,,10:50,,,,Bmis,2210,-68.0644673589763,44.334186789338
48,85f6b623-a1f3-40de-b88e-d084e93d14d8,7/3/2023 3:59:40 PM,,7/3/2023 3:59:40 PM,,6/29/2023 4:00:00 PM,10:51,,Ew,No,,,,,No,,,,,11:03,,,,Bmis,2302,-68.0643363944913,44.3342914947657
49,fd90f6d8-0119-4fff-a19f-f588336ad0e6,7/3/2023 3:59:41 PM,,7/3/2023 3:59:41 PM,,6/29/2023 4:00:00 PM,11:04,,Ew,No,,,,,No,,,,,11:10,,,,Bmis,2303,-68.0642827748653,44.3341721637635
50,d9212045-4471-4060-ae9b-13ce00bbd9b0,7/3/2023 3:59:42 PM,,7/3/2023 3:59:42 PM,,6/29/2023 4:00:00 PM,11:26,,Ew,No,,,,,No,,,,,11:33,,,,Bmis,2304,-68.0642552589833,44.3340410370194
51,1c354ed5-d097-4dc3-8d31-ee316dbe2777,7/3/2023 3:59:43 PM,,7/3/2023 3:59:43 PM,,6/29/2023 4:00:00 PM,11:33,,Ew,No,,,,,No,,,,,11:38,,,,Bmis,2397,-68.0641213909044,44.3340564445508
52,9824c887-a904-4ab5-8fcf-f9f7a552b070,7/3/2023 3:59:43 PM,,7/3/2023 3:59:43 PM,,6/29/2023 4:00:00 PM,11:45,,Ew,Yes,18,0,0,12,No,,,,,11:48,"Yes, but not uploaded",,,Bmis,2396,-68.0640748937678,44.3341759611026
53,cc8c08e1-e605-4e01-8790-74ec04b3ee03,7/3/2023 3:59:44 PM,,7/3/2023 3:59:44 PM,,6/29/2023 4:00:00 PM,12:34,,Ew,Yes,25,0,3,23,No,,,,,12:35,"Yes, but not uploaded",,,Bmis,2489,-68.0640071643219,44.3341657160605
54,881cd96b-5c93-42f0-b07f-59d1854d24b0,7/3/2023 3:59:44 PM,,7/3/2023 3:59:44 PM,,6/29/2023 4:00:00 PM,12:40,,Ew,Yes,21,0,0,9,No,,,,,12:45,"Yes, but not uploaded",,,Bmis,2490,-68.0639506628468,44.334025675009
55,89d3ee6b-09dc-441b-a5d8-db4a95bbe512,7/3/2023 3:59:45 PM,,7/3/2023 3:59:45 PM,,6/29/2023 4:00:00 PM,12:48,,Ew,No,,,,,No,,,,,12:51,,,,Bmis,2491,-68.0639292591125,44.3339258661267
56,c41bd7b4-1081-4470-b3da-9a9adb6cd0ad,7/3/2023 3:59:46 PM,,7/3/2023 3:59:46 PM,,6/29/2023 4:00:00 PM,12:54,,EW,Yes,23,0,0,15,No,,,,,13:00,"Yes, but not uploaded",,,bmis,2583,-68.0637436162866,44.3340636606527
57,3b2644dc-6584-4d9f-af3d-dfc7b452bf4f,7/3/2023 3:59:47 PM,,7/3/2023 3:59:47 PM,,6/29/2023 4:00:00 PM,13:06,,EW,Yes,4,0,0,2,No,,,,,13:12,"Yes, but not uploaded",,,bmis,2584,-68.0637460508204,44.3338999649086
58,b34e5104-6256-4efb-88ec-82a602db46a8,7/3/2023 3:59:47 PM,,7/3/2023 3:59:47 PM,,6/29/2023 4:00:00 PM,13:16,,EW,No,,,,,No,,,,,13:21,,,,bmis,2588,-68.0637484459362,44.3337788700567
59,b5d1c67a-8008-4803-b30a-25932a6faf62,7/3/2023 3:59:48 PM,,7/3/2023 3:59:48 PM,,6/29/2023 4:00:00 PM,13:25,,EW,No,,,,,No,,,,,13:27,,,,bmis,2586,-68.0637891493707,44.3336725179112
60,bba563cb-02f5-45d1-8085-f495e5b2efec,7/3/2023 3:59:49 PM,,7/3/2023 3:59:49 PM,,6/30/2023 4:00:00 PM,10:33,,EW,No,,,,,No,,,,,10:36,,,,caba,181,-68.231905122886,44.3817412119892
61,f3ede89d-582c-46b1-9ec3-c9e793c3fcb1,7/3/2023 3:59:49 PM,,7/3/2023 3:59:49 PM,,6/30/2023 4:00:00 PM,10:41,,EW,No,,,,,No,,,,,10:44,,,,caba,180,-68.2318600943119,44.3818383255668
62,c00eaecf-1662-4116-92e5-475767df21d7,7/3/2023 3:59:50 PM,,7/3/2023 3:59:50 PM,,6/30/2023 4:00:00 PM,10:49,,EW,No,,,,,No,,,,,10:52,,,,caba,179,-68.2318626873303,44.3819528627403
63,f7e68cd4-2794-4f95-9227-ddf7d64f77e9,7/3/2023 3:59:51 PM,,7/3/2023 3:59:51 PM,,6/30/2023 4:00:00 PM,10:53,,EW,No,,,,,No,,,,,10:58,,,,caba,178,-68.2318454600539,44.3820844462091
64,b9616ea8-1e0c-47d1-bdb5-f131133089e6,7/3/2023 3:59:52 PM,,7/3/2023 3:59:52 PM,,6/30/2023 4:00:00 PM,10:58,,EW,No,,,,,Yes,4,1,1,0,11:07,,"Yes, but not uploaded",,caba,154,-68.2320242052505,44.3820899003994
65,476b0dc7-632a-4c8c-b955-82614ab27a8b,7/3/2023 3:59:53 PM,,7/3/2023 3:59:53 PM,,6/30/2023 4:00:00 PM,11:10,,EW,No,,,,,Yes,8,0,0,1,11:13,,"Yes, but not uploaded",,caba,155,-68.2320167324109,44.3819588754982
66,eaab0a21-da65-41a1-843d-6cb77f308d30,7/3/2023 3:59:53 PM,,7/3/2023 3:59:53 PM,,6/30/2023 4:00:00 PM,11:34,,EW,No,,,,,No,,,,,11:38,,,,caba,156,-68.2320484534618,44.3818222110818
67,c7809a8e-2ae7-4a64-86ac-15bb157b6eef,7/3/2023 3:59:54 PM,,7/3/2023 3:59:54 PM,,6/30/2023 4:00:00 PM,11:41,,EW,No,,,,,No,,,,,11:45,,,,caba,157,-68.2320347131716,44.3817041125356
68,3e39ff7a-5f8a-4698-8598-3f3183ae75a7,7/3/2023 3:59:55 PM,,7/3/2023 3:59:55 PM,,6/30/2023 4:00:00 PM,11:47,,EW,No,,,,,No,,,,,11:51,,,,caba,133,-68.2322231767679,44.3816964299757
69,f69db700-77b1-4359-8964-c25091a3aa20,7/3/2023 3:59:55 PM,,7/3/2023 3:59:55 PM,,6/30/2023 4:00:00 PM,11:53,,EW,No,,,,,No,,,,,11:57,,,,caba,132,-68.2322292594177,44.3818259103124
70,df06e829-af98-42dd-b82d-e30715028f15,7/3/2023 3:59:56 PM,,7/3/2023 3:59:56 PM,,6/30/2023 4:00:00 PM,12:37,,EW,No,,,,,No,,,,,12:40,,,,caba,109,-68.2323840723665,44.3817016228477
71,56268429-fb1b-4bff-ba5e-65fdf0b0ed37,7/3/2023 3:59:56 PM,,7/3/2023 3:59:56 PM,,6/30/2023 4:00:00 PM,12:42,,EW,No,,,,,No,,,,,12:44,,,,caba,108,-68.2323801467673,44.3818315251768
72,61476d14-9875-4035-9c0d-02bc1d597a57,7/3/2023 3:59:57 PM,,7/3/2023 3:59:57 PM,,6/30/2023 4:00:00 PM,12:46,,EW,No,,,,,Yes,9,0,0,1,12:50,,"Yes, but not uploaded",,caba,107,-68.2323947757668,44.3819533802922
73,e06a7caf-3538-47f2-9b78-4bc30ab5d2e8,7/3/2023 3:59:57 PM,,7/3/2023 3:59:57 PM,,6/30/2023 4:00:00 PM,12:53,,EW,No,,,,,No,,,,,12:56,,,,caba,131,-68.2322014094127,44.3819664088517
74,39f017f8-44c3-4d01-802d-ba8749887ca6,7/3/2023 3:59:58 PM,,7/3/2023 3:59:58 PM,,6/30/2023 4:00:00 PM,13:00,,EW,No,,,,,No,,,,,13:02,,,,caba,130,-68.2322119676066,44.3820916032062
75,f89ebeca-70d8-443e-a6db-46dd680e54ec,7/3/2023 3:59:59 PM,,7/3/2023 3:59:59 PM,,6/30/2023 4:00:00 PM,13:07,,EW,No,,,,,Yes,12,0,0,0,13:12,,"Yes, but not uploaded",,caba,230,-68.231509202471,44.381592257096
76,18b1c965-debe-4400-a5f2-dfdfff861296,7/3/2023 4:00:00 PM,,7/3/2023 4:00:00 PM,,6/30/2023 4:00:00 PM,13:13,,EW,No,,,,,Yes,10,0,0,0,13:18,,"Yes, but not uploaded",,caba,229,-68.2314896086869,44.3816946622438
77,e5d5f7cc-fd65-4a9c-8d78-77300b7bd8ea,7/3/2023 4:00:01 PM,,7/3/2023 4:00:01 PM,,6/30/2023 4:00:00 PM,13:20,,EW,No,,,,,Yes,5,0,0,0,13:23,,"Yes, but not uploaded",,caba,228,-68.2314879496567,44.3818377584109
78,82567d13-f048-42b3-a8b9-7b3ee9468a33,7/3/2023 4:00:01 PM,,7/3/2023 4:00:01 PM,,6/30/2023 4:00:00 PM,13:27,,EW,No,,,,,No,,,,,13:30,,,,caba,227,-68.2314548474171,44.3819628364171
79,9f7ee3e5-9cdf-4c24-8b84-c4f7f327510e,7/3/2023 4:00:02 PM,,7/3/2023 4:00:02 PM,,6/30/2023 4:00:00 PM,13:32,,EW,No,,,,,Yes,25,1,1,2,13:34,,"Yes, but not uploaded",,caba,250,-68.2313049925299,44.3820718840887
80,4a5ccebf-3d0f-451c-b686-ea004151fb30,7/3/2023 4:00:03 PM,,7/3/2023 4:00:03 PM,,6/30/2023 4:00:00 PM,13:37,,EW,No,,,,,Yes,13,0,0,0,13:40,,"Yes, but not uploaded",,caba,251,-68.231317757137,44.3819537335084
81,ff2cdd3e-4977-4761-9055-f800d84c03de,8/3/2023 5:43:46 PM,,8/3/2023 5:43:46 PM,,7/31/2023 4:00:00 PM,11:41,,AL,No,,,,,Yes,23,0,0,0,12:45,,Yes,,scmo,1077,-68.1467844098012,44.574020800531
82,d131c222-fcd0-4a12-84ae-44d18310e5da,8/3/2023 5:43:48 PM,,8/3/2023 5:43:48 PM,,7/31/2023 4:00:00 PM,12:54,,WZ,No,,,,,Yes,20,0,0,1,13:00,,Yes,,scmo,1039,-68.1469319616499,44.5739902394994
83,6a170f03-9716-42ea-a5dc-7b56f828f07c,8/3/2023 5:43:50 PM,,8/3/2023 5:43:50 PM,,7/31/2023 4:00:00 PM,13:06,,WZ,No,,,,,Yes,11,0,0,0,13:15,,Yes,,scmo,1001,-68.1471299255236,44.5739896447838
84,18977fbc-fcf7-492a-af95-191a4f761834,8/3/2023 5:43:51 PM,,8/3/2023 5:43:51 PM,,7/31/2023 4:00:00 PM,13:18,,WZ,No,,,,,Yes,24,0,0,16,13:25,,Yes,,scmo,963,-68.1473146109137,44.5739650941228
85,50e269f9-755c-4def-bd90-8d5fd6fcf0bb,8/3/2023 5:43:52 PM,,8/3/2023 5:43:52 PM,,7/31/2023 4:00:00 PM,13:30,,AL,No,,,,,Yes,25,0,0,24,13:31,,Yes,,scmo,925,-68.1474794872824,44.5739777279098
86,4014b22d-a98c-48c4-99e5-e8e3d5cd992b,8/3/2023 5:43:53 PM,,8/3/2023 5:43:53 PM,,7/31/2023 4:00:00 PM,13:43,,AL,No,,,,,Yes,25,0,0,25,13:44,,Yes,,scmo,887,-68.1477211665686,44.5739623215604
87,ed559af3-a693-41f9-ba2b-dadb7f20a8d8,8/3/2023 5:43:53 PM,,8/3/2023 5:43:53 PM,,7/31/2023 4:00:00 PM,13:47,,AL,No,,,,,Yes,25,0,0,21,13:47,,Yes,,scmo,849,-68.1478494701429,44.5739970464908
88,a7f8bb67-5364-402c-85ff-7f40e9f663f5,8/3/2023 5:43:54 PM,,8/3/2023 5:43:54 PM,,7/31/2023 4:00:00 PM,13:54,,AL,No,,,,,Yes,23,0,0,16,13:54,,Yes,,scmo,1078,-68.1467948057035,44.5738552496081
89,479266a2-f39e-4690-a364-867c1fad6e05,8/3/2023 5:43:55 PM,,8/3/2023 5:43:55 PM,,7/31/2023 4:00:00 PM,13:59,,AL,No,,,,,Yes,24,0,0,10,14:01,,Yes,,scmo,1040,-68.146957865697,44.5738601351421
90,85f12617-fce1-4125-8196-7198d5cc79f4,8/3/2023 5:43:56 PM,,8/3/2023 5:43:56 PM,,7/31/2023 4:00:00 PM,14:04,,AL,No,,,,,Yes,25,0,0,16,14:05,,Yes,,scmo,1002,-68.147101743687,44.5738788808385
91,92e805e0-ed73-40b2-8e98-94d1b844954a,8/3/2023 5:43:57 PM,,8/3/2023 5:43:57 PM,,7/31/2023 4:00:00 PM,14:08,,AL,Yes,3,0,1,0,Yes,22,0,0,4,14:08,Yes,Yes,,scmo,964,-68.1472805056082,44.5738226001965
92,faabc549-5cd8-41a8-ac64-c63bb663b5d6,8/3/2023 5:43:57 PM,,8/3/2023 5:43:57 PM,,8/2/2023 4:00:00 PM,11:44,,Ew,No,,,,,No,,,,,11:49,,,,BEMO,854,-68.3695836640784,44.3051648709925
93,e4d4e280-3667-4601-8ca3-66e33e2afbc4,8/3/2023 5:43:58 PM,,8/3/2023 5:43:58 PM,,8/2/2023 4:00:00 PM,13:29,,Ew,No,,,,,No,,,,,13:30,,,,Bemo,239,-68.3722164798188,44.3031755109874
94,d53fb4a4-270a-4c7b-acce-c8fd0a95367e,8/3/2023 5:44:00 PM,,8/3/2023 5:44:00 PM,,8/2/2023 4:00:00 PM,13:38,,Ew,Yes,11,0,0,4,No,,,,,13:40,No,,K,Bemo,240,-68.3722762488955,44.3031775586445
95,0123ed77-a54d-40d7-bea4-dd67ad3977d2,8/3/2023 5:44:01 PM,,8/3/2023 5:44:01 PM,,7/31/2023 4:00:00 PM,11:41,,E.W,Yes,24,0,0,9,Yes,9,0,0,3,13:00,Yes,Yes,,scmo,1160,-68.1464356723619,44.5730797230028
96,57f92600-6879-4cd4-9a97-bce82f9b4d50,8/3/2023 5:44:02 PM,,8/3/2023 5:44:02 PM,,7/31/2023 4:00:00 PM,13:01,,EW,Yes,24,0,0,24,Yes,25,0,0,20,13:15,Yes,Yes,,SCMO,1122,-68.1465720438496,44.5731070806259
97,c83b2f07-79a6-4fdd-aedc-c6eef6fdb24f,8/3/2023 5:44:03 PM,,8/3/2023 5:44:03 PM,,7/31/2023 4:00:00 PM,13:15,,JG,Yes,23,0,0,2,Yes,25,0,8,24,13:32,Yes,Yes,,Scmo,1084,-68.1465919396619,44.5731409257138
98,93675236-231c-47ef-b750-e9ec57f3417a,8/3/2023 5:44:04 PM,,8/3/2023 5:44:04 PM,,7/31/2023 4:00:00 PM,13:33,,JG,Yes,23,0,0,23,Yes,1,0,0,1,13:45,Yes,Yes,,Scmo,1083,-68.1467299370876,44.5732412705415
99,c1d6a0b3-4fbe-44ad-b254-cd50bdc17cff,8/3/2023 5:44:05 PM,,8/3/2023 5:44:05 PM,,7/31/2023 4:00:00 PM,13:46,,EW,No,,,,,No,,,,,13:52,,,,Scmo,1082,-68.1467811348048,44.5733320320418
100,0947daec-003b-414a-8d2b-742499923031,8/3/2023 5:44:06 PM,,8/3/2023 5:44:06 PM,,7/31/2023 4:00:00 PM,13:52,,EW,No,,,,,Yes,21,1,5,12,14:03,,Yes,,SCMO,1045,-68.1469655078045,44.5731966784539
101,a1536f25-9bda-4f3f-9bf7-df7e56a298d8,8/3/2023 5:44:06 PM,,8/3/2023 5:44:06 PM,,7/31/2023 4:00:00 PM,14:03,,EW,No,,,,,No,,,,,14:08,,,,SCMO,1044,-68.1469568434556,44.5733377914628
102,30e966e9-dd4b-4c2a-85ea-b876d947be1b,8/3/2023 5:44:17 PM,,8/3/2023 5:44:17 PM,,7/31/2023 4:00:00 PM,12:42,,AT,No,,,,,Yes,20,0,12,20,12:46,,"Yes, but not uploaded",,semo,1235,-68.14606322232,44.5732756827886
103,fe0b831b-12c8-4baf-aab5-fb85568aea75,8/3/2023 5:44:18 PM,,8/3/2023 5:44:18 PM,,7/31/2023 4:00:00 PM,12:58,,EJ,Yes,25,0,0,0,Yes,7,0,0,2,13:02,Yes,"Yes, but not uploaded",,semo,1234,-68.1460168377498,44.5734018153158
104,02045f37-96f2-481f-8337-9caecf3fcfe8,8/3/2023 5:44:19 PM,,8/3/2023 5:44:19 PM,,7/31/2023 4:00:00 PM,13:05,,EJ,Yes,25,0,0,25,Yes,18,0,0,6,13:09,"Yes, but not uploaded","Yes, but not uploaded",,scmo,1195,-68.1462402422146,44.5734593129817
105,1b5c6548-e09d-404a-b7c2-ffdb7b6e6cf7,8/3/2023 5:44:19 PM,,8/3/2023 5:44:19 PM,,7/31/2023 4:00:00 PM,13:23,,EJ,No,,,,,Yes,24,1,0,11,13:25,,"Yes, but not uploaded",,scmo,1194,-68.146197260013,44.5735968289135
106,4f192932-bd0e-429e-bc80-baada74594f6,8/3/2023 5:44:20 PM,,8/3/2023 5:44:20 PM,,7/31/2023 4:00:00 PM,13:32,,Rp,Yes,25,0,0,25,Yes,25,0,1,24,13:35,Yes,"Yes, but not uploaded",,scmo,1197,-68.1462345241104,44.5732535242859
107,6b6b8d49-5b2b-4b64-b346-71fe91751cf6,8/3/2023 5:44:21 PM,,8/3/2023 5:44:21 PM,,8/2/2023 4:00:00 PM,11:33,,AL,No,,,,,No,,,,,11:35,,,,bemo,941,-68.3692607267948,44.3047894901044
108,9d3b4cf9-bbde-4efb-b53b-142ebbd44cbc,8/3/2023 5:44:21 PM,,8/3/2023 5:44:21 PM,,8/2/2023 4:00:00 PM,11:45,,AL,No,,,,,No,,,,,11:45,,,,bemo,942,-68.3692050422211,44.3046743942681
109,b8c62f6d-2a5b-49be-99da-4aef756da38f,8/3/2023 5:44:22 PM,,8/3/2023 5:44:22 PM,,8/2/2023 4:00:00 PM,11:53,,AL,No,,,,,No,,,,,11:55,,,,bemo,943,-68.369190463515,44.3045699368289
110,996027ea-882c-4f38-9000-2eb5ebc1448f,8/3/2023 5:44:22 PM,,8/3/2023 5:44:22 PM,,8/2/2023 4:00:00 PM,13:26,,AL,No,,,,,No,,,,,13:27,,,,bemo,196,-68.3725023298469,44.3032739800983
111,e2ad20c1-1696-42ae-9ad6-f2c27b51092d,8/3/2023 6:33:48 PM,,8/3/2023 6:33:48 PM,,6/29/2023 4:00:00 PM,10:12,,ew,Yes,13,0,0,10,Yes,10,2,1,0,10:20,"Yes, but not uploaded","Yes, but not uploaded",,Bmis,4360,-68.06033875,44.33276534
112,d15919f5-f329-4a9b-8e91-905fb20a4a7a,8/3/2023 6:33:49 PM,,8/3/2023 6:33:49 PM,,6/29/2023 4:00:00 PM,10:24,,EW,Yes,25,0,2,7,No,,,,,10:34,"Yes, but not uploaded",,,bmis,4453,-68.06018672,44.33276992
113,b1a81de2-72c9-4351-837d-93dfbed81218,8/3/2023 6:33:49 PM,,8/3/2023 6:33:49 PM,,6/29/2023 4:00:00 PM,10:36,,EW,Yes,25,0,0,18,No,,,,,10:47,"Yes, but not uploaded",,,bmis,4546,-68.05998085,44.3327594
114,40d4fb21-3bc2-470f-886f-9e75b61193a5,8/3/2023 6:33:50 PM,,8/3/2023 6:33:50 PM,,6/29/2023 4:00:00 PM,10:50,,EW,Yes,25,0,0,20,Yes,10,2,0,2,11:00,"Yes, but not uploaded","Yes, but not uploaded",,bmis,4639,-68.05983157,44.33274729
115,c86daab5-aabd-468b-9926-6d19a593ebe3,8/3/2023 6:33:51 PM,,8/3/2023 6:33:51 PM,,6/29/2023 4:00:00 PM,11:02,,EW,Yes,25,0,0,22,No,,,,,11:11,"Yes, but not uploaded",,,bmis,4640,-68.05980413,44.33263411
116,ab98c703-fd6e-47db-82c8-b10b812eb9cb,8/3/2023 6:33:52 PM,,8/3/2023 6:33:52 PM,,6/29/2023 4:00:00 PM,11:16,,EW,Yes,25,0,5,5,Yes,8,1,0,4,11:23,"Yes, but not uploaded","Yes, but not uploaded",,bmis,4547,-68.06000942,44.33261625
117,ce77a5ba-e06a-408c-80e5-11c56b7b9b7e,8/3/2023 6:33:53 PM,,8/3/2023 6:33:53 PM,,6/29/2023 4:00:00 PM,11:23,,EW,Yes,11,0,0,6,Yes,24,12,12,5,11:32,"Yes, but not uploaded","Yes, but not uploaded",,bmis,4454,-68.06017142,44.33263251
118,f89cec0c-9de0-41ac-872c-c7392d6ea27d,8/3/2023 6:33:54 PM,,8/3/2023 6:33:54 PM,,6/29/2023 4:00:00 PM,11:36,,EW,Yes,25,0,0,23,Yes,2,0,0,2,11:41,"Yes, but not uploaded","Yes, but not uploaded",,bmis,4361,-68.06035146,44.33263727
119,df39a340-0e63-4df6-9040-0803ac37c4c6,8/3/2023 6:33:55 PM,,8/3/2023 6:33:55 PM,,6/29/2023 4:00:00 PM,11:48,,EW,Yes,9,0,0,4,No,,,,,11:55,No,,,bmis,4268,-68.06052848,44.33263515
120,6909930b-a5d6-4df8-9fd2-1838a1313413,8/3/2023 6:33:56 PM,,8/3/2023 6:33:56 PM,,6/29/2023 4:00:00 PM,11:59,,EW,Yes,25,0,0,23,No,,,,,12:03,"Yes, but not uploaded",,Mostly rock,bmis,4269,-68.06056073,44.33250504
121,11295012-81ab-4162-bfcb-eb95f17085ce,8/3/2023 6:33:57 PM,,8/3/2023 6:33:57 PM,,6/29/2023 4:00:00 PM,12:53,,EW,Yes,25,0,0,9,No,,,,,13:01,"Yes, but not uploaded",,,bmis,4921,-68.05926284,44.33236864
122,d165ec2c-ee35-44da-a946-0cb474a2e95e,8/3/2023 6:33:58 PM,,8/3/2023 6:33:58 PM,,6/29/2023 4:00:00 PM,13:04,,EW,No,,,,,No,,,,,13:07,,,A lot of big rocks,bmis,4828,-68.05946721,44.33238337
123,bdcd2ffa-d41a-43e4-a5b2-e3c1e5b516af,8/3/2023 6:33:58 PM,,8/3/2023 6:33:58 PM,,6/29/2023 4:00:00 PM,13:08,,EW,No,,,,,No,,,,,13:12,,,,bmis,4735,-68.05963271,44.33238243
124,5d50bde9-1c31-4538-a767-707ba1cb5111,8/3/2023 6:34:00 PM,,8/3/2023 6:34:00 PM,,6/29/2023 4:00:00 PM,13:15,,EW,Yes,25,0,0,8,Yes,5,1,0,0,13:21,"Yes, but not uploaded","Yes, but not uploaded",,bmis,4641,-68.05980934,44.33249557
125,f3a1b92b-94fd-412e-88d3-7db6df88b387,8/3/2023 6:34:00 PM,,8/3/2023 6:34:00 PM,,6/29/2023 4:00:00 PM,13:22,,EW,Yes,21,0,0,19,Yes,21,12,12,1,13:29,"Yes, but not uploaded","Yes, but not uploaded",,bmis,4548,-68.05999329,44.33250308
126,456340d0-8726-4cae-87bc-df0c35a9a43f,8/3/2023 6:34:01 PM,,8/3/2023 6:34:01 PM,,6/29/2023 4:00:00 PM,13:30,,EW,Yes,25,0,0,24,Yes,5,0,0,1,13:36,"Yes, but not uploaded","Yes, but not uploaded",,bmis,4455,-68.06016641,44.33251025
127,df7e0c5c-0adf-4c3f-9c49-f90475726142,8/3/2023 6:34:02 PM,,8/3/2023 6:34:02 PM,,6/29/2023 4:00:00 PM,13:38,,EW,No,,,,,No,,,,,13:41,,,Almost solid rock,bmis,4362,-68.06035801,44.33250515
128,aa0b7fb2-04ea-4546-a712-aac0264d2e6a,8/3/2023 6:34:03 PM,,8/3/2023 6:34:03 PM,,6/29/2023 4:00:00 PM,13:44,,EW,Yes,6,0,0,6,No,,,,,13:46,"Yes, but not uploaded",,,bmis,4176,-68.06069524,44.33251157
129,b6bcdd83-9257-43d0-b1e2-a161ac220fc0,8/3/2023 6:34:04 PM,,8/3/2023 6:34:04 PM,,6/30/2023 4:00:00 PM,10:39,,EW,No,,,,,Yes,7,0,0,0,10:48,,"Yes, but not uploaded",,CABA,169,-68.2318269,44.38318494
130,a6381a8f-f454-4d6b-94d0-d7c19e24fc8d,8/3/2023 6:34:04 PM,,8/3/2023 6:34:04 PM,,6/30/2023 4:00:00 PM,10:50,,EW,No,,,,,No,,,,,10:54,,,,CABA,170,-68.23183109,44.38313478
131,b039abdc-cd12-482f-a4c8-79fc7c56f3c0,8/3/2023 6:34:05 PM,,8/3/2023 6:34:05 PM,,6/30/2023 4:00:00 PM,10:56,,EW,No,,,,,No,,,,,11:00,,,,CABA,171,-68.23184953,44.38298211
132,7c6f0208-7f15-4db6-b197-75c9ccd51354,8/3/2023 6:34:06 PM,,8/3/2023 6:34:06 PM,,6/30/2023 4:00:00 PM,11:01,,EW,No,,,,,No,,,,,11:07,,,,CABA,172,-68.23183504,44.38286672
133,01364e84-7ee6-46ee-8c19-a73585ad7f81,8/3/2023 6:34:07 PM,,8/3/2023 6:34:07 PM,,6/30/2023 4:00:00 PM,11:09,,EW,No,,,,,No,,,,,11:18,,,,caba,173,-68.23184158,44.38272791
134,64af85f3-cc5f-47a8-8da0-344be58905c1,8/3/2023 6:34:08 PM,,8/3/2023 6:34:08 PM,,6/30/2023 4:00:00 PM,11:20,,EW,No,,,,,Yes,22,14,0,0,11:31,,"Yes, but not uploaded",Including buds as flowers,caba,149,-68.23200293,44.38275981
135,a4274e5b-857e-44d0-8bad-21157e14e8dc,8/3/2023 6:34:09 PM,,8/3/2023 6:34:09 PM,,6/30/2023 4:00:00 PM,11:34,,EW,No,,,,,Yes,16,0,0,1,11:38,,"Yes, but not uploaded",,caba,148,-68.23203123,44.382841
136,1e793977-aa1d-4bb0-bdbb-7f18e6dc52d4,8/3/2023 6:34:09 PM,,8/3/2023 6:34:09 PM,,6/30/2023 4:00:00 PM,11:42,,EW,No,,,,,Yes,8,0,0,0,11:55,,"Yes, but not uploaded",,caba,147,-68.23201691,44.38298994
137,197e3f9c-39e3-48e2-87ee-c9fa9ad6b080,8/3/2023 6:34:10 PM,,8/3/2023 6:34:10 PM,,6/30/2023 4:00:00 PM,11:56,,EW,No,,,,,No,,,,,12:00,,,,caba,146,-68.23201746,44.38311725
138,b902cdf3-edc1-4e3e-9243-503bdf2b4791,8/3/2023 6:34:11 PM,,8/3/2023 6:34:11 PM,,6/30/2023 4:00:00 PM,12:44,,EW,No,,,,,No,,,,,12:48,,,,caba,122,-68.23219905,44.38309454
139,174d724a-bfc1-460c-ab7e-7b4d0b0e110b,8/3/2023 6:34:11 PM,,8/3/2023 6:34:11 PM,,6/30/2023 4:00:00 PM,12:50,,EW,No,,,,,No,,,,,12:53,,,,caba,123,-68.23221241,44.38298992
140,ef856a67-18bb-4b7d-88b6-6f34e196704c,8/3/2023 6:34:12 PM,,8/3/2023 6:34:12 PM,,6/30/2023 4:00:00 PM,12:55,,EW,No,,,,,No,,,,,12:58,,,,caba,124,-68.23220841,44.38285607
141,d7924ab6-d08d-4ac0-bd79-7ebd4c2bf028,8/3/2023 6:34:13 PM,,8/3/2023 6:34:13 PM,,6/30/2023 4:00:00 PM,13:00,,EW,No,,,,,No,,,,,13:02,,,,caba,125,-68.23218025,44.38271357
142,415bf226-2dd5-4883-bd63-37d05639519d,8/3/2023 6:34:14 PM,,8/3/2023 6:34:14 PM,,6/30/2023 4:00:00 PM,13:06,,EW,No,,,,,Yes,11,0,0,0,13:10,,"Yes, but not uploaded",,caba,126,-68.23220306,44.38260726
143,6133f658-3854-43e5-8a07-e2bd09519bfd,8/3/2023 6:34:14 PM,,8/3/2023 6:34:14 PM,,6/30/2023 4:00:00 PM,13:14,,EW,No,,,,,No,,,,,13:16,,,,caba,127,-68.23221741,44.38246349
144,c8b67a31-5476-4b58-887e-5bf6e641f760,8/3/2023 6:34:25 PM,hannah.webber,8/3/2023 6:34:25 PM,hannah.webber,6/29/2023 4:00:00 PM,10:52,,Ew,Yes,12,0,3,12,No,,,,,11:05,"Yes, but not uploaded",,"Open rock



",Bmis,1552,-68.06576065,44.33510575
145,b03cc719-c0c0-4929-a278-f0eef824f076,8/3/2023 6:34:26 PM,hannah.webber,8/3/2023 6:34:26 PM,hannah.webber,6/29/2023 4:00:00 PM,11:09,,Ew,Yes,11,0,4,2,No,,,,,11:15,"Yes, but not uploaded",,,Bmis,1551,-68.06571895,44.3351936
146,ac93db73-8cfb-45c5-8707-48f892a57d2a,8/3/2023 6:34:27 PM,hannah.webber,8/3/2023 6:34:27 PM,hannah.webber,6/29/2023 4:00:00 PM,11:18,,EW,Yes,25,0,4,25,No,,,,,11:24,"Yes, but not uploaded",,,BMIS,1645,-68.06555731,44.33507767
147,d80d7bba-8903-4836-a998-090b7828a2d8,8/3/2023 6:34:27 PM,hannah.webber,8/3/2023 6:34:27 PM,hannah.webber,6/29/2023 4:00:00 PM,11:26,,EW,No,,,,,No,,,,,11:29,,,,BMIS,1646,-68.06552855,44.33494909
148,f3f4c685-9dfd-4267-8f2f-49d5b54af841,8/3/2023 6:34:29 PM,hannah.webber,8/3/2023 6:34:29 PM,hannah.webber,6/29/2023 4:00:00 PM,11:34,,EW,Yes,25,0,1,25,No,,,,,11:43,"Yes, but not uploaded",,Garter snake,BMIS,1645,-68.06556284,44.33506624
149,6053462c-7b67-4d94-a6f2-9fbba921efa6,8/3/2023 6:34:30 PM,hannah.webber,8/3/2023 6:34:30 PM,hannah.webber,6/29/2023 4:00:00 PM,11:44,,EW,Yes,17,0,4,17,Yes,13,2,0,0,12:01,"Yes, but not uploaded","Yes, but not uploaded",Unknown colubrid snake was seen,BMIS,1739,-68.06537924,44.33495504
150,5cb2a452-fdcb-4208-ae25-c8de34240e3c,8/3/2023 6:34:31 PM,hannah.webber,8/3/2023 6:34:31 PM,hannah.webber,6/29/2023 4:00:00 PM,12:38,,EW,Yes,24,0,5,24,Yes,23,11,0,2,12:54,"Yes, but not uploaded","Yes, but not uploaded",Counting buds as flowers henceforth,BMIS,1834,-68.06519523,44.33469706
151,c2c0fa40-2d54-42aa-ac58-5ed40a700a1e,8/3/2023 6:34:31 PM,hannah.webber,8/3/2023 6:34:31 PM,hannah.webber,6/29/2023 4:00:00 PM,12:59,,EW,Yes,25,0,11,25,Yes,6,0,0,0,13:03,"Yes, but not uploaded","Yes, but not uploaded",,BMIS,1833,-68.06521738,44.33482283
152,2a82742d-5811-4b44-b770-96de8073a6d0,8/3/2023 6:34:32 PM,hannah.webber,8/3/2023 6:34:32 PM,hannah.webber,6/29/2023 4:00:00 PM,13:06,,EW,Yes,21,0,1,21,Yes,11,5,0,0,13:15,"Yes, but not uploaded","Yes, but not uploaded",,BMIS,1928,-68.06501701,44.33456865
153,64d0a242-8d0c-4710-8d9b-f8835e088c05,8/3/2023 6:34:33 PM,hannah.webber,8/3/2023 6:34:33 PM,hannah.webber,6/29/2023 4:00:00 PM,13:20,,EW,Yes,16,0,0,15,Yes,11,0,0,0,13:36,"Yes, but not uploaded",No,,BMIS,1927,-68.06500416,44.33468663
154,94fde1dc-5811-44ad-ba11-1083a48631f7,8/3/2023 6:34:34 PM,hannah.webber,8/3/2023 6:34:34 PM,hannah.webber,6/29/2023 4:00:00 PM,13:39,,EW,Yes,7,0,0,7,No,,,,,13:46,"Yes, but not uploaded",,,BMIS,2022,-68.06483083,44.33442886
155,373a5c3d-cb1c-4660-bac9-f93ed4c11a0d,8/3/2023 6:34:35 PM,hannah.webber,8/3/2023 6:34:35 PM,hannah.webber,6/30/2023 4:00:00 PM,10:50,,Ew,No,,,,,No,,,,,10:51,,,,Caba,28,-68.23295526,44.38287242
156,8dcb74bd-0507-46b0-904d-188aae3b6596,8/3/2023 6:34:36 PM,hannah.webber,8/3/2023 6:34:36 PM,hannah.webber,6/30/2023 4:00:00 PM,11:02,,Ew,No,,,,,Yes,10,1,0,0,11:07,,"Yes, but not uploaded","It was on a slighty uneven surface - cinqufoil
",Caba,51,-68.23273286,44.38300207
157,3b80c061-de2d-4135-b8c1-3c49c5561e70,8/3/2023 6:34:36 PM,hannah.webber,8/3/2023 6:34:36 PM,hannah.webber,6/30/2023 4:00:00 PM,11:07,,Ew,No,,,,,No,,,,,11:14,,,,Caba,52,-68.23275761,44.38287584
158,396e16c3-b554-447f-86e3-efc18b6e84d0,8/3/2023 6:34:37 PM,hannah.webber,8/3/2023 6:34:37 PM,hannah.webber,6/30/2023 4:00:00 PM,11:15,,Ew,No,,,,,No,,,,,11:22,,,,Caba,53,-68.2327697,44.38272188
159,d0ccc08a-b107-459c-890f-a911e43c3762,8/3/2023 6:34:39 PM,hannah.webber,8/3/2023 6:34:39 PM,hannah.webber,6/30/2023 4:00:00 PM,11:36,,Ew,No,,,,,No,,,,,11:37,,,,Caba,54,-68.23250413,44.38258359
160,2e39446d-7c13-43b2-a5aa-99c430676391,8/3/2023 6:34:39 PM,hannah.webber,8/3/2023 6:34:39 PM,hannah.webber,6/30/2023 4:00:00 PM,11:41,,Ew,No,,,,,No,,,,,11:42,,,,Caba,78,-68.23253422,44.38259195
161,6becc74d-75ea-4eea-813f-127f03a16c6c,8/3/2023 6:34:40 PM,hannah.webber,8/3/2023 6:34:40 PM,hannah.webber,6/30/2023 4:00:00 PM,11:59,,Ew,No,,,,,No,,,,,12:00,,,,Caba,79,-68.23257152,44.38248303
162,ea22765f-1ecc-4fdb-a6bd-9419cda392bb,8/3/2023 6:34:40 PM,hannah.webber,8/3/2023 6:34:40 PM,hannah.webber,6/30/2023 4:00:00 PM,12:04,,Ew,No,,,,,No,,,,,12:05,,,,Caba,103,-68.23239441,44.38248394
163,5cb89039-4393-4312-853c-d4fedba74d5c,8/3/2023 6:34:41 PM,hannah.webber,8/3/2023 6:34:41 PM,hannah.webber,6/30/2023 4:00:00 PM,12:08,,Ew,No,,,,,Yes,13,7,0,0,12:13,,"Yes, but not uploaded",,Caba,102,-68.23238272,44.38262298
164,e41bd305-663e-4455-a65f-1b904a58745e,8/3/2023 6:34:42 PM,hannah.webber,8/3/2023 6:34:42 PM,hannah.webber,6/30/2023 4:00:00 PM,12:18,,Ew,No,,,,,No,,,,,12:19,,,,Caba,101,-68.23238544,44.38272105
165,be062750-b2d3-43e1-9ddf-fb8ed73c47d3,8/3/2023 6:34:43 PM,hannah.webber,8/3/2023 6:34:43 PM,hannah.webber,6/30/2023 4:00:00 PM,12:23,,Ew,No,,,,,No,,,,,12:24,,,,Caba,77,-68.2324878,44.38258101
166,e6e28381-aa77-45e6-a923-e1aa4e26202e,8/3/2023 6:34:43 PM,hannah.webber,8/3/2023 6:34:43 PM,hannah.webber,6/30/2023 4:00:00 PM,12:45,,Ew,No,,,,,No,,,,,12:46,,,,Caba,76,-68.23259697,44.3828638
167,0a7e6105-8843-43bc-aaba-b72d95aae1ae,8/3/2023 6:34:44 PM,hannah.webber,8/3/2023 6:34:44 PM,hannah.webber,6/30/2023 4:00:00 PM,12:51,,Ew,No,,,,,Yes,13,1,0,2,12:53,,"Yes, but not uploaded",,Caba,75,-68.23255042,44.38299765
168,cb5a2980-45c6-4fb6-8056-9293404dea2c,8/3/2023 6:34:45 PM,hannah.webber,8/3/2023 6:34:45 PM,hannah.webber,6/30/2023 4:00:00 PM,12:59,,Ew,No,,,,,No,,,,,13:00,,,,Caba,74,-68.23263969,44.3831307
169,5cb10357-ad1f-4aec-9c0e-8a682ca1b0b5,8/3/2023 6:34:45 PM,hannah.webber,8/3/2023 6:34:45 PM,hannah.webber,6/30/2023 4:00:00 PM,13:05,,Ew,No,,,,,No,,,,,13:06,,,,Caba,99,-68.23245479,44.3829401
170,76513bfb-d453-46aa-8a85-323944320109,8/3/2023 6:34:46 PM,hannah.webber,8/3/2023 6:34:46 PM,hannah.webber,8/2/2023 4:00:00 PM,11:37,,3,No,,,,,No,,,,,11:41,,,,BEMO,944,-68.36925825,44.30443907
171,9f02e0c6-799e-4141-a4f7-315bee7641be,8/3/2023 6:34:47 PM,hannah.webber,8/3/2023 6:34:47 PM,hannah.webber,8/2/2023 4:00:00 PM,11:51,,3,No,,,,,Yes,12,0,0,1,11:53,,Yes,,BEMO,942,-68.36927864,44.30469438
172,3489ba17-3c6e-4050-8202-3f6b62e944ee,8/3/2023 6:34:47 PM,hannah.webber,8/3/2023 6:34:47 PM,hannah.webber,8/2/2023 4:00:00 PM,11:57,,3,No,,,,,No,,,,,11:58,,,,BEMO,941,-68.36930175,44.30481305
173,74cd9159-8c94-451c-aa3c-1030ec094dac,8/3/2023 6:34:49 PM,hannah.webber,8/3/2023 6:34:49 PM,hannah.webber,8/2/2023 4:00:00 PM,12:14,,3,No,,,,,No,,,,,12:15,,,,BEMO,1027,-68.36889124,44.30456807
174,b7ffddc7-d49d-4135-9cb4-6fc3655fdca3,8/3/2023 6:34:50 PM,hannah.webber,8/3/2023 6:34:50 PM,hannah.webber,8/2/2023 4:00:00 PM,12:19,,3,No,,,,,No,,,,,12:19,,,,bemo,1028,-68.3688518,44.30444779
175,59d5f269-1e7e-426a-8cd0-8ff428070670,8/3/2023 6:34:50 PM,hannah.webber,8/3/2023 6:34:50 PM,hannah.webber,8/2/2023 4:00:00 PM,13:25,,3,No,,,,,No,,,,,13:27,,,,bemo,197,-68.37247926,44.30322828
176,4e08eaa0-4e48-48c5-8dae-2d8416b72990,8/3/2023 6:34:51 PM,hannah.webber,8/3/2023 6:34:51 PM,hannah.webber,8/2/2023 4:00:00 PM,13:29,,3,No,,,,,No,,,,,13:30,,,,bemo,198,-68.37247146,44.30311205
177,bf697f1f-21b1-4208-b2a0-b50a81219c9c,8/3/2023 6:34:52 PM,hannah.webber,8/3/2023 6:34:52 PM,hannah.webber,8/2/2023 4:00:00 PM,13:33,,3,No,,,,,No,,,,,13:33,,,,bemo,239,-68.37231508,44.30324582
178,9420df25-4271-4d3f-b516-aa7c00563b55,8/4/2023 12:18:00 PM,,8/4/2023 12:18:00 PM,,7/31/2023 4:00:00 PM,12:42,,Ew,Yes,13,0,0,0,Yes,25,0,8,22,12:58,Yes,Yes,,Scmo,1084,-68.1467953029102,44.5730775199527
179,aeb6aa29-1b1d-4393-872c-f95ade389296,8/4/2023 12:18:01 PM,,8/4/2023 12:18:01 PM,,7/31/2023 4:00:00 PM,13:09,,Ew,Yes,11,0,0,0,Yes,4,0,1,3,13:15,Yes,Yes,,Scmo,1083,-68.1467568340605,44.5732154911038
180,1ba2a5e3-0592-4f9e-9165-53b8dadfbdf1,8/4/2023 12:18:01 PM,,8/4/2023 12:18:01 PM,,7/31/2023 4:00:00 PM,13:19,,Ew,No,,,,,No,,,,,13:20,,,,Scmo,0,-68.1467896735014,44.5733969215931
181,6d9859b7-6cff-4cb2-87ef-47e679856c40,8/4/2023 12:18:02 PM,,8/4/2023 12:18:02 PM,,7/31/2023 4:00:00 PM,13:23,,Ew,No,,,,,No,,,,,13:24,,,,Scmo,1081,-68.1468141236321,44.5734839210155
182,dd25c503-e997-4190-b8fa-4533d9ce7f21,8/4/2023 12:18:03 PM,,8/4/2023 12:18:03 PM,,7/31/2023 4:00:00 PM,13:26,,Ew,No,,,,,No,,,,,13:32,,,,Scmo,1083,-68.146807151659,44.5735908384818
183,07ac93dd-420a-40b6-95e8-165267705e83,8/4/2023 12:18:03 PM,,8/4/2023 12:18:03 PM,,7/31/2023 4:00:00 PM,13:42,,Ew,No,,,,,No,,,,,13:45,,,,Scmo,1079,-68.1466386863178,44.5736600451498
184,a1517ef6-1af0-4d68-b5e8-e87f9ac90784,8/4/2023 12:18:04 PM,,8/4/2023 12:18:04 PM,,7/31/2023 4:00:00 PM,13:53,,Ew,No,,,,,No,,,,,13:55,,,,Scmo,1043,-68.146985707887,44.5736043086995
185,aa196b8c-9092-4164-a750-6f63ef60eb57,8/4/2023 12:18:05 PM,,8/4/2023 12:18:05 PM,,7/31/2023 4:00:00 PM,14:01,,Ew,No,,,,,Yes,21,1,0,17,14:04,,Yes,,Scmo,1043,-68.1469217942134,44.5734520461849
186,52aa399b-826d-4a39-a9d5-bb5d080377f1,8/4/2023 12:18:05 PM,,8/4/2023 12:18:05 PM,,7/31/2023 4:00:00 PM,14:04,,Ew,No,,,,,Yes,15,0,0,5,14:11,,Yes,,Scmo,1041,-68.1469430821134,44.5737277114686
187,6efb7cd6-128d-401e-b33f-4a273e79d5ed,8/4/2023 12:18:06 PM,,8/4/2023 12:18:06 PM,,8/2/2023 4:00:00 PM,12:04,,AT,No,,,,,Yes,5,0,0,1,12:06,,"Yes, but not uploaded",,bemo,986,-68.3691607511685,44.3044165042948
188,bf6e4aa2-e28d-47b9-aa32-2039100af021,8/4/2023 12:18:07 PM,,8/4/2023 12:18:07 PM,,8/2/2023 4:00:00 PM,13:43,,AT,No,,,,,No,,,,,13:43,,,,bemo,366,-68.3718345687613,44.3031591095088
189,aa7ad7d6-6a5d-4167-8195-49883d9dbcca,8/4/2023 12:18:07 PM,,8/4/2023 12:18:07 PM,,8/2/2023 4:00:00 PM,13:45,,AT,No,,,,,No,,,,,13:48,,,,bemo,324,-68.3718667127923,44.3031438803905
190,13fbff33-59bb-49bd-b961-d5c48e472ba4,8/10/2023 8:47:38 PM,,8/10/2023 8:47:38 PM,,8/10/2023 4:00:00 PM,09:04,,13,No,,,,,No,,,,,09:15,,,,sche,108,-68.0539787953751,44.3501331962852
191,d8d404f7-9495-449a-a0bd-57845ad3c73d,8/10/2023 8:47:38 PM,,8/10/2023 8:47:38 PM,,8/10/2023 4:00:00 PM,09:44,,5,No,,,,,Yes,9,0,0,5,09:46,,Yes,,sche,261,-68.0530645803986,44.3503753990662
192,012210d2-9566-4891-a000-bc85c9561aaa,8/10/2023 8:47:39 PM,,8/10/2023 8:47:39 PM,,8/10/2023 4:00:00 PM,10:05,,4,Yes,25,0,0,25,No,,,,,10:24,"Yes, but not uploaded",,,sche,260,-68.0530385132094,44.3505140570928
193,e52e80f2-735c-4ab8-95d7-a6e8343af8c6,8/10/2023 8:47:40 PM,,8/10/2023 8:47:40 PM,,8/10/2023 4:00:00 PM,10:28,,4,No,,,,,No,,,,,10:35,,,,sche,259,-68.0530222810947,44.3506153814515
194,5c672620-3592-48b5-8605-56c1e40a2069,8/10/2023 8:47:41 PM,,8/10/2023 8:47:41 PM,,8/10/2023 4:00:00 PM,10:39,,4,Yes,17,0,0,12,No,,,,,11:02,"Yes, but not uploaded",,,sche,258,-68.0530357706815,44.3507667712501
195,6a237153-3207-432f-808d-511da947759e,8/10/2023 8:47:41 PM,,8/10/2023 8:47:41 PM,,8/10/2023 4:00:00 PM,11:05,,4,Yes,25,0,0,17,No,,,,,11:18,Yes,,     ,sche,257,-68.0530209890562,44.3508688528235
196,15573ba5-d4b6-4236-9ca2-3dfc1556cfc3,8/10/2023 8:47:42 PM,,8/10/2023 8:47:42 PM,,8/10/2023 4:00:00 PM,11:19,,4,Yes,16,0,0,12,Yes,11,0,0,3,11:32,Yes,"Yes, but not uploaded",,sche,256,-68.0529979356452,44.3510227387413
197,8f4fefa9-e98e-4c6b-8679-c4ff654e9fc0,8/10/2023 8:47:43 PM,,8/10/2023 8:47:43 PM,,8/10/2023 4:00:00 PM,11:38,,4,Yes,16,0,0,8,No,,,,,11:51,Yes,,,sche,255,-68.0530273061788,44.3511389232275
198,cdbfce5d-d5f4-4ed5-a216-801b9ebbb734,8/10/2023 8:47:43 PM,,8/10/2023 8:47:43 PM,,8/10/2023 4:00:00 PM,11:56,,4,No,,,,,Yes,3,0,0,0,12:47,,Yes,,sche,254,-68.0530634670014,44.3512879903681
199,4074dc30-3907-4257-9107-139070311695,8/10/2023 8:47:44 PM,,8/10/2023 8:47:44 PM,,8/10/2023 4:00:00 PM,13:09,,4,Yes,12,0,0,8,Yes,3,0,0,0,13:14,"Yes, but not uploaded","Yes, but not uploaded",,sche,1253,-68.0530535055543,44.3514578294598
200,82ed63e3-23b5-470a-9eef-3e9c5a39898b,8/10/2023 8:47:45 PM,,8/10/2023 8:47:45 PM,,8/10/2023 4:00:00 PM,13:18,,4,Yes,25,0,0,18,No,,,,,13:22,Yes,,,sche,284,-68.0528550234586,44.3514126479412
201,bef36437-3974-44e7-98f2-666f10222a77,8/10/2023 8:47:45 PM,,8/10/2023 8:47:45 PM,,8/10/2023 4:00:00 PM,13:27,,4,Yes,5,0,0,0,Yes,13,0,0,4,13:33,"Yes, but not uploaded","Yes, but not uploaded",,sche,285,-68.0528416025854,44.3512707449875
202,6323ddc1-cc5e-439c-8070-0548802e0ca7,8/10/2023 8:48:14 PM,,8/10/2023 8:48:14 PM,,8/10/2023 4:00:00 PM,09:39,,4,Yes,18,0,0,14,No,,,,,09:41,Yes,,,Sche,140,-68.0537732923452,44.3500061084017
203,612b0c8d-2e29-4749-8bd1-af538c6a7570,8/10/2023 8:48:14 PM,,8/10/2023 8:48:14 PM,,8/10/2023 4:00:00 PM,09:59,,4,No,,,,,No,,,,,10:08,,,,Sche,364,-68.0525249189423,44.3491136514743
204,24b1cb1f-900e-40a3-83a4-c12f75e85522,8/10/2023 8:48:15 PM,,8/10/2023 8:48:15 PM,,8/10/2023 4:00:00 PM,10:13,,4,No,,,,,No,,,,,10:19,,,,Sche,366,-68.0525110646734,44.3488392533534
205,5c4ea6e7-b815-4743-b8c7-2091fe32096c,8/10/2023 8:48:16 PM,,8/10/2023 8:48:16 PM,,8/10/2023 4:00:00 PM,10:34,,4,No,,,,,No,,,,,10:38,,,,Sche,363,-68.052514560984,44.3492556156152
206,9bc8482f-d6d2-4f95-990e-d983c7f417e7,8/10/2023 8:48:16 PM,,8/10/2023 8:48:16 PM,,8/10/2023 4:00:00 PM,10:43,,4,No,,,,,No,,,,,10:44,,,,Sche,332,-68.0527135914527,44.3492498184388
207,5df3cd85-a8d8-4d2a-9659-047ca3648fd3,8/10/2023 8:48:17 PM,,8/10/2023 8:48:17 PM,,8/10/2023 4:00:00 PM,10:52,,4,Yes,6,0,0,3,Yes,8,0,0,0,10:55,Yes,Yes,,Sche,209,-68.0534213659422,44.3490833886619
208,a91327f8-f7de-4936-8dae-22f5a0f3b7e8,8/10/2023 8:48:17 PM,,8/10/2023 8:48:17 PM,,8/10/2023 4:00:00 PM,11:00,,4,Yes,21,0,0,16,Yes,11,0,0,1,11:02,Yes,Yes,,Sche,179,-68.0535586053502,44.3489714695989
209,62c86a33-6326-41ba-b00e-fbef2d14b8cb,8/10/2023 8:48:18 PM,,8/10/2023 8:48:18 PM,,8/10/2023 4:00:00 PM,11:41,,4,Yes,15,0,0,14,Yes,3,0,0,1,11:46,Yes,Yes,,Sche,240,-68.0532249016424,44.3490916684719
210,40015cc2-6e7d-474c-8d16-c19e59391470,8/10/2023 8:48:19 PM,,8/10/2023 8:48:19 PM,,8/10/2023 4:00:00 PM,11:48,,4,Yes,23,0,0,18,Yes,17,0,0,7,11:53,Yes,Yes,,Sche,178,-68.0535614145669,44.3491098355472
211,7dc4013d-e323-41ff-9e40-73b7d640807e,8/10/2023 8:48:19 PM,,8/10/2023 8:48:19 PM,,8/10/2023 4:00:00 PM,12:45,,4,No,,,,,Yes,4,0,0,2,12:47,,Yes,,Sche,397,-68.0523644107295,44.3488346009544
212,b01aa724-625a-4401-8f03-49f9c0b25956,8/10/2023 8:48:20 PM,,8/10/2023 8:48:20 PM,,8/10/2023 4:00:00 PM,12:54,,4,No,,,,,No,,,,,12:58,,,,Sche,365,-68.0525567178754,44.3489533922673
213,3fe7b2ae-b2e6-4d9b-a47b-f894c79ec947,8/10/2023 8:48:20 PM,,8/10/2023 8:48:20 PM,,8/10/2023 4:00:00 PM,13:00,,4,No,,,,,No,,,,,13:03,,,,SCHE,397,-68.0523768186836,44.3488416359623
214,6ba77df0-86e8-4089-87e9-b9bdf108dd1a,8/11/2023 3:32:21 PM,,8/11/2023 3:32:21 PM,,8/10/2023 4:00:00 PM,09:29,,4,Yes,15,0,0,12,No,,,,,09:43,Yes,,,SCHE,4,-68.054341,44.35009497
215,a6bcd86d-5ee8-4859-a1db-4ad376df20ed,8/11/2023 3:32:23 PM,,8/11/2023 3:32:23 PM,,8/10/2023 4:00:00 PM,10:24,,4,Yes,18,0,0,11,Yes,7,0,0,0,10:32,"Yes, but not uploaded","Yes, but not uploaded",,SCHE,15,-68.05442088,44.35009361
216,514dba28-d4a2-48db-8f6b-ba0bd313c401,8/11/2023 3:32:24 PM,,8/11/2023 3:32:24 PM,,8/10/2023 4:00:00 PM,10:39,,4,No,,,,,No,,,,,10:42,,,,SCHE,77,-68.05411318,44.35012058
217,08de4ab7-74cf-49af-a5e6-7f95e13f7cd4,8/11/2023 3:32:25 PM,,8/11/2023 3:32:25 PM,,8/10/2023 4:00:00 PM,10:49,,4,No,,,,,No,,,,,10:56,,,,SCHE,109,-68.05388624,44.34999308
218,96906937-a884-4d17-a008-fd807d1dafb2,8/11/2023 3:32:25 PM,,8/11/2023 3:32:25 PM,,8/10/2023 4:00:00 PM,11:12,,4,No,,,,,No,,,,,11:18,,,,Sche,140,-68.05381509,44.3499828
219,b9990784-b5ed-4013-859f-ddd178854147,8/11/2023 3:32:27 PM,,8/11/2023 3:32:27 PM,,8/10/2023 4:00:00 PM,11:53,,4,No,,,,,No,,,,,11:54,,,,sche,172,-68.0536376,44.34985724
220,6b7dcd1b-efeb-47d7-ba9a-2ea33a44458f,8/11/2023 3:32:27 PM,,8/11/2023 3:32:27 PM,,8/10/2023 4:00:00 PM,11:56,,4,No,,,,,No,,,,,12:05,,,,sche,203,-68.0534589,44.3497944
221,23350cd7-8b73-41a4-ba4b-9ad62f1ffa94,8/11/2023 3:32:28 PM,,8/11/2023 3:32:28 PM,,8/10/2023 4:00:00 PM,12:41,,4,No,,,,,Yes,4,0,0,2,12:42,,"Yes, but not uploaded",,sche,265,-68.05306475,44.34983247
222,9f6888a7-150d-4b3a-b0da-6446dee8ea15,8/11/2023 3:32:35 PM,,8/11/2023 3:32:35 PM,,8/10/2023 4:00:00 PM,12:46,,4,No,,,,,No,,,,,12:47,,,,sche,296,-68.05289104,44.34984393
223,efa4c800-12e7-4336-b775-8b72ddeebb11,8/14/2023 6:38:48 PM,,8/14/2023 6:38:48 PM,,8/11/2023 4:00:00 PM,10:17,,NAN,No,,,,,No,,,,,10:19,,,,SCHA,3140,-68.3218719175671,44.2276163865988
224,e17fdc8c-65c4-4a32-bc23-7ef1c3de4be7,8/14/2023 6:38:49 PM,,8/14/2023 6:38:49 PM,,8/11/2023 4:00:00 PM,10:24,,NAN. ,No,,,,,No,,,,,10:26,,,,SCHA,3229,-68.3216637916721,44.2275175290493
225,0dcd1952-b601-4101-82d9-99fdf6d20e93,8/14/2023 6:38:50 PM,,8/14/2023 6:38:50 PM,,8/11/2023 4:00:00 PM,10:30,,NAN,No,,,,,No,,,,,10:31,,,,SCHA,3318,-68.3214758587539,44.2273472589518
226,2d8acc9f-22ed-4df3-99b0-e0a60a15ce33,8/14/2023 6:38:53 PM,,8/14/2023 6:38:53 PM,,8/11/2023 4:00:00 PM,10:35,,NAN,No,,,,,No,,,,,10:35,,,,SCHA,3407,-68.3212489169341,44.2272960200072
227,40db8e90-e12b-47ce-bcda-51b79b315ad0,8/14/2023 6:38:55 PM,,8/14/2023 6:38:55 PM,,8/11/2023 4:00:00 PM,10:41,,NAN,Yes,25,0,0,12,No,,,,,10:43,Yes,,,SCHA,3497,-68.3211691805196,44.2270137301502
228,4d73881c-f330-4611-b92f-c4b4c161908d,8/14/2023 6:38:56 PM,,8/14/2023 6:38:56 PM,,8/11/2023 4:00:00 PM,10:55,,NAN,No,,,,,Yes,7,0,0,1,10:56,,"Yes, but not uploaded",,SCHA,3587,-68.3209077494856,44.2267552511552
229,9c3b9bb4-2d9f-4e3e-82a3-a069e90163e2,8/14/2023 6:38:57 PM,,8/14/2023 6:38:57 PM,,8/11/2023 4:00:00 PM,11:01,,NAn,Yes,15,0,0,8,No,,,,,11:03,"Yes, but not uploaded",,,SCHA,3676,-68.320713869499,44.2266018454759
230,6bd5db33-7eef-4859-978e-7632ecc66fdc,8/14/2023 6:38:58 PM,,8/14/2023 6:38:58 PM,,8/11/2023 4:00:00 PM,11:05,,NAN,No,,,,,Yes,5,0,0,3,11:08,,"Yes, but not uploaded",,SCHA,3765,-68.320614348509,44.2264601353994
231,091d8aa8-e3ce-4dca-b48d-b3093b5314ee,8/14/2023 6:38:59 PM,,8/14/2023 6:38:59 PM,,8/11/2023 4:00:00 PM,11:11,,NAN,Yes,6,0,0,4,Yes,6,0,0,1,11:15,"Yes, but not uploaded","Yes, but not uploaded",,SCHA,3854,-68.3203898368362,44.2263449182719
232,ea626d70-ed71-400f-8cbf-eccc44b44c6f,8/14/2023 6:39:00 PM,,8/14/2023 6:39:00 PM,,8/11/2023 4:00:00 PM,11:19,,NAN,No,,,,,No,,,,,11:19,,,,SCHA,3855,-68.3204116207311,44.2262466221246
233,68e04931-5ecb-4f84-b7e7-cdb349d6fa3e,8/14/2023 6:39:01 PM,,8/14/2023 6:39:01 PM,,8/11/2023 4:00:00 PM,11:23,,NAN,Yes,7,0,0,2,Yes,12,0,0,5,11:26,"Yes, but not uploaded","Yes, but not uploaded",,SCHA,3943,-68.3201974755017,44.2262474474502
234,4838a70e-8a32-4833-84e9-a04da800906e,8/14/2023 6:39:02 PM,,8/14/2023 6:39:02 PM,,8/11/2023 4:00:00 PM,11:33,,NAN,Yes,18,0,0,7,Yes,6,0,0,0,11:35,"Yes, but not uploaded","Yes, but not uploaded",,SCHA,4031,-68.3200810389064,44.226243994512
235,57c15e90-9ea7-4ddd-b046-1169039347db,8/14/2023 6:39:02 PM,,8/14/2023 6:39:02 PM,,8/11/2023 4:00:00 PM,11:41,,NAN,Yes,21,0,0,10,Yes,14,0,0,3,11:43,"Yes, but not uploaded","Yes, but not uploaded",,SCHA,4120,-68.3198016179701,44.2260821426281
236,846cc9bd-0f99-4150-aace-1401554d97d3,8/14/2023 6:39:03 PM,,8/14/2023 6:39:03 PM,,8/11/2023 4:00:00 PM,12:30,,NAN,Yes,9,0,0,4,Yes,6,0,0,3,12:35,"Yes, but not uploaded","Yes, but not uploaded",,SCHA,3883,-68.3204457234055,44.226511124399
237,f62ae806-ecec-4abd-aea6-c3a4020296c0,8/14/2023 6:39:04 PM,,8/14/2023 6:39:04 PM,,8/11/2023 4:00:00 PM,12:39,,NAN,Yes,17,0,0,3,No,,,,,12:42,"Yes, but not uploaded",,,SCHA,3764,-68.3206082834684,44.2266497774674
238,faaeacfd-8bfb-4d9e-9fa0-6c566065320a,8/14/2023 6:39:04 PM,,8/14/2023 6:39:04 PM,,8/11/2023 4:00:00 PM,12:44,,NAN,No,,,,,No,,,,,12:46,,,,SCHA,3675,-68.3207850284275,44.226767950347
239,a1942479-9b2b-47fb-b179-d8c083bbba4f,8/14/2023 6:39:05 PM,,8/14/2023 6:39:05 PM,,8/11/2023 4:00:00 PM,12:49,,NAN,No,,,,,No,,,,,12:52,,,,SCHA,3585,-68.3209074079885,44.2270368148566
240,85622e57-bf23-4860-807b-4b233aa280c3,8/14/2023 6:39:06 PM,,8/14/2023 6:39:06 PM,,8/11/2023 4:00:00 PM,12:57,,MK,Yes,23,0,0,10,No,,,,,13:00,No,,,Shha,3498,-68.3210840781873,44.2271316137621
241,537c9797-f384-4096-8332-9c7e1c25e63e,8/14/2023 6:39:07 PM,,8/14/2023 6:39:07 PM,,8/11/2023 4:00:00 PM,13:06,,NAN,No,,,,,No,,,,,13:14,,,,SCHA,3406,-68.3213369769129,44.2274165757809
242,8db042c8-c666-4f0c-89fa-997cb597d74e,8/14/2023 6:39:07 PM,,8/14/2023 6:39:07 PM,,8/11/2023 4:00:00 PM,13:19,,NAN,No,,,,,No,,,,,13:22,,,,SCHA,3317,-68.3215484518856,44.2274908287853
243,fbe40ef0-8e6e-4a0e-a54a-5e9260ec12d7,8/29/2023 8:45:30 PM,hannah.webber,8/29/2023 8:45:30 PM,hannah.webber,8/11/2023 4:00:00 PM,10:28,,4,No,,,,,Yes,4,0,0,3,10:36,,"Yes, but not uploaded",,shha,4828,-68.3184316,44.22559716
244,15c123b9-5584-4f9d-92a0-68f0e49a50cb,8/29/2023 8:45:31 PM,hannah.webber,8/29/2023 8:45:31 PM,hannah.webber,8/11/2023 4:00:00 PM,10:39,,4,No,,,,,No,,,,,10:41,,,No soil,Shha,4829,-68.31843385,44.22545447
245,f24f4b63-44e2-4210-bd8c-bb8d59d46633,8/29/2023 8:45:32 PM,hannah.webber,8/29/2023 8:45:32 PM,hannah.webber,8/11/2023 4:00:00 PM,10:41,,4,Yes,23,0,0,8,Yes,1,0,0,0,10:53,"Yes, but not uploaded","Yes, but not uploaded",1 single cinquefoil,Shha,4916,-68.31822928,44.22557824
246,99f9442e-b312-4103-a4f6-5bdb643a8519,8/29/2023 8:45:33 PM,hannah.webber,8/29/2023 8:45:33 PM,hannah.webber,8/11/2023 4:00:00 PM,10:54,,4,Yes,16,0,0,16,Yes,3,0,0,3,11:05,"Yes, but not uploaded","Yes, but not uploaded",4 grids of dead flowers,Shha,4917,-68.31824017,44.22544604
247,ff388fbc-daad-42f8-8933-744c274b6de5,8/29/2023 8:45:34 PM,hannah.webber,8/29/2023 8:45:34 PM,hannah.webber,8/11/2023 4:00:00 PM,11:05,,4,Yes,14,0,0,14,Yes,14,0,0,4,11:18,"Yes, but not uploaded","Yes, but not uploaded",1 grid of dead flowers,Shha,5005,-68.31806441,44.22546142
248,5004459f-dae3-4ca7-8330-c1914e564f2b,8/29/2023 8:45:35 PM,hannah.webber,8/29/2023 8:45:35 PM,hannah.webber,8/11/2023 4:00:00 PM,11:18,,4,No,,,,,No,,,,,11:22,,,No soil,Shha,5094,-68.31788312,44.22535415
249,e9fbdc14-206c-479b-8924-6de44e4380a9,8/29/2023 8:45:36 PM,hannah.webber,8/29/2023 8:45:36 PM,hannah.webber,8/11/2023 4:00:00 PM,11:23,,4,No,,,,,No,,,,,11:29,,,No soil,Shha,5006,-68.31807896,44.22533705
250,3639e0ac-e188-4136-94e7-e5205368c86f,8/29/2023 8:45:37 PM,hannah.webber,8/29/2023 8:45:37 PM,hannah.webber,8/11/2023 4:00:00 PM,11:29,,4,No,,,,,No,,,,,11:36,,,,Shha,5093,-68.31787034,44.2254356
251,0d79364b-9e2a-410b-9b3a-40130a908f16,8/29/2023 8:45:38 PM,hannah.webber,8/29/2023 8:45:38 PM,hannah.webber,8/11/2023 4:00:00 PM,11:37,,4,Yes,21,0,0,1,No,,,,,11:47,"Yes, but not uploaded",,,Shha,5004,-68.31806705,44.22557703
252,73a658c4-e737-4283-9b09-11ea5777dc88,8/29/2023 8:45:38 PM,hannah.webber,8/29/2023 8:45:38 PM,hannah.webber,8/11/2023 4:00:00 PM,11:47,,4,Yes,23,0,0,6,Yes,5,0,0,0,11:59,"Yes, but not uploaded","Yes, but not uploaded",,Shha,5092,-68.31787814,44.22558851
253,83d6cc2b-c1b0-4b90-8dc4-04f84bbf8f91,8/29/2023 8:45:39 PM,hannah.webber,8/29/2023 8:45:39 PM,hannah.webber,8/11/2023 4:00:00 PM,12:30,,4,No,,,,,No,,,,,12:30,,,No soil,Shha,5182,-68.31769591,44.22532735
254,ee584be6-b34a-4f92-b348-87f64acfd125,8/29/2023 8:45:40 PM,hannah.webber,8/29/2023 8:45:40 PM,hannah.webber,8/11/2023 4:00:00 PM,12:30,,4,No,,,,,No,,,,,12:33,,,"No soil
",Shha,5094,-68.31790254,44.22531914
255,f95ada37-3bdf-4a14-8c6d-bf3afef01283,8/29/2023 8:45:41 PM,hannah.webber,8/29/2023 8:45:41 PM,hannah.webber,8/11/2023 4:00:00 PM,12:34,,4,No,,,,,No,,,,,12:37,,,,Shha,5181,-68.31769343,44.22545378
256,c574bb08-1c80-44c5-bdb9-0d7d0a1de871,8/29/2023 8:45:42 PM,hannah.webber,8/29/2023 8:45:42 PM,hannah.webber,8/11/2023 4:00:00 PM,12:37,,4,No,,,,,No,,,,,12:41,,,No soil,Shha,5180,-68.31769064,44.22560509
257,52cf5c02-3b5b-4e90-8d49-8e9a24ecab33,8/29/2023 8:45:43 PM,hannah.webber,8/29/2023 8:45:43 PM,hannah.webber,8/11/2023 4:00:00 PM,12:42,,4,No,,,,,Yes,1,0,0,0,12:52,,"Yes, but not uploaded",,Shha,5179,-68.31770313,44.22567715
258,f2d5a708-f998-4383-8685-d6a1f99fd70b,8/29/2023 8:45:44 PM,hannah.webber,8/29/2023 8:45:44 PM,hannah.webber,8/11/2023 4:00:00 PM,12:52,,4,No,,,,,No,,,,,12:55,,,No soil,Shha,5267,-68.31753034,44.22571103
259,3eb8a1b6-8571-49c1-bea9-c818d9251657,8/29/2023 8:45:45 PM,hannah.webber,8/29/2023 8:45:45 PM,hannah.webber,8/11/2023 4:00:00 PM,12:55,,4,No,,,,,No,,,,,12:58,,,No soil,Shha,5268,-68.3175069,44.22558384
260,d2139ca7-2c29-4b7f-bb4d-d6d30f8fa5f4,8/29/2023 8:45:45 PM,,8/29/2023 8:45:45 PM,,8/29/2023 4:00:00 PM,11:16,,3,No,,,,,Yes,7,0,1,3,11:34,,"Yes, but not uploaded",Red and yellow were counted as brown leaves,Camo,864,-68.2245251457602,44.3521572250543
261,075d4956-06d2-486f-b736-e99794973f76,8/29/2023 8:45:46 PM,hannah.webber,8/29/2023 8:45:46 PM,hannah.webber,8/11/2023 4:00:00 PM,13:00,,4,No,,,,,No,,,,,13:01,,,"No soil
",Shha,5264,-68.31755142,44.22572704
262,3f29bef3-6046-48d4-98c3-06be03a5b8e7,8/29/2023 8:45:46 PM,,8/29/2023 8:45:46 PM,,8/29/2023 4:00:00 PM,11:41,,3,No,,,,,Yes,14,0,0,2,11:55,,"Yes, but not uploaded",Brown leaf count includes leaves with brown edges (not entirley brown),Camo,913,-68.2243846797104,44.3521702828299
263,21d6a393-576c-4666-b95b-954790769aff,8/29/2023 8:45:46 PM,,8/29/2023 8:45:46 PM,,8/29/2023 4:00:00 PM,12:07,,3,No,,,,,Yes,9,0,1,7,12:09,,"Yes, but not uploaded",,Camo,962,-68.2241528994729,44.3521512305406
264,22c9aa74-8e07-4d1c-ba7d-a01fcc4a8147,8/29/2023 8:45:47 PM,hannah.webber,8/29/2023 8:45:47 PM,hannah.webber,8/11/2023 4:00:00 PM,13:01,,4,No,,,,,No,,,,,13:07,,,,Shha,5266,-68.3175247,44.22584747
265,283341d6-605d-4bcd-9f47-1a0489d46aae,8/29/2023 8:45:47 PM,,8/29/2023 8:45:47 PM,,8/29/2023 4:00:00 PM,12:46,,3,No,,,,,Yes,12,0,0,4,12:53,,"Yes, but not uploaded",,Camo,1011,-68.2239874751566,44.3521614008277
266,42b8f966-cb94-477a-b08c-88251cbf054b,8/29/2023 8:45:47 PM,hannah.webber,8/29/2023 8:45:47 PM,hannah.webber,8/11/2023 4:00:00 PM,13:07,,4,No,,,,,No,,,,,13:13,,,,Shha,5354,-68.31732296,44.22584353
267,8673f116-135d-476d-a527-ad0c4fab4dbd,8/29/2023 8:45:48 PM,,8/29/2023 8:45:48 PM,,8/29/2023 4:00:00 PM,12:57,,3,No,,,,,Yes,10,0,0,9,12:59,,"Yes, but not uploaded",,Camo,1060,-68.2237986913836,44.3521799165369
268,7b2a380b-3866-45f2-839f-7605b2f27e5a,8/29/2023 8:45:48 PM,,8/29/2023 8:45:48 PM,,8/29/2023 4:00:00 PM,13:09,,3,No,,,,,Yes,25,0,0,14,13:16,,"Yes, but not uploaded",,Camo,1109,-68.2236125800272,44.3521715229378
269,7c1c19cb-38e6-4b35-920e-dc1564facd6a,8/29/2023 8:45:49 PM,,8/29/2023 8:45:49 PM,,8/29/2023 4:00:00 PM,13:19,,3,No,,,,,Yes,25,0,0,23,13:27,,"Yes, but not uploaded",,Camo,1158,-68.2234409739815,44.3521760439793
270,fb8415db-6a1c-4a3f-8af9-53f311c8f9de,8/29/2023 8:45:49 PM,,8/29/2023 8:45:49 PM,,8/29/2023 4:00:00 PM,13:29,,3,No,,,,,Yes,24,0,0,19,13:36,,"Yes, but not uploaded",,Camo,1207,-68.2232726630376,44.3521910984499
271,09c0c5af-24b7-4368-8ed1-7f1c4d102c15,8/29/2023 8:45:50 PM,,8/29/2023 8:45:50 PM,,8/29/2023 4:00:00 PM,13:44,,3,No,,,,,Yes,19,0,0,14,13:51,,"Yes, but not uploaded",,Camo,1255,-68.2230684552271,44.3522426751316
272,562e422b-e071-49f7-bd42-5e3c6d1d8d65,8/29/2023 8:45:51 PM,,8/29/2023 8:45:51 PM,,8/29/2023 4:00:00 PM,13:55,,3,No,,,,,Yes,14,0,5,12,14:00,,"Yes, but not uploaded",,Camo,1305,-68.2228968866424,44.3522185324507
273,21c45469-17d0-422d-bbcf-4e536db20548,8/29/2023 8:45:51 PM,,8/29/2023 8:45:51 PM,,8/29/2023 4:00:00 PM,14:03,,3,No,,,,,Yes,11,0,0,8,14:06,,"Yes, but not uploaded",,Camo,1354,-68.2227430209403,44.3521926175129
274,163a31b3-a669-46d4-a544-e110eb816ca1,8/29/2023 8:45:52 PM,,8/29/2023 8:45:52 PM,,8/29/2023 4:00:00 PM,14:12,,4,No,,,,,Yes,2,0,0,1,14:15,,"Yes, but not uploaded",,Camo,1403,-68.2225620954564,44.3521786071184
275,88feb077-d6d9-4fbf-9413-92eecd077f82,8/29/2023 8:45:55 PM,,8/29/2023 8:45:55 PM,,8/29/2023 4:00:00 PM,11:45,,3,No,,,,,Yes,5,0,1,4,11:47,,"Yes, but not uploaded",,Camo,911,-68.2243449820793,44.3524275246596
276,512ae862-30dd-40ee-9350-95ba7ad70903,8/29/2023 8:45:56 PM,,8/29/2023 8:45:56 PM,,8/29/2023 4:00:00 PM,11:58,,3,No,,,,,Yes,2,0,1,4,12:03,,"Yes, but not uploaded",,Camo,960,-68.2241981800493,44.3524274927801
277,98df709d-0565-45a0-be2a-9fba0ebf7abd,8/29/2023 8:45:56 PM,,8/29/2023 8:45:56 PM,,8/29/2023 4:00:00 PM,12:06,,3,No,,,,,Yes,17,0,5,13,12:14,,"Yes, but not uploaded",,Camo,1009,-68.2240090923304,44.3524335109694
278,9886d513-8aa4-4f87-96c1-ca040da26b05,8/29/2023 8:45:57 PM,,8/29/2023 8:45:57 PM,,8/29/2023 4:00:00 PM,12:45,,3,No,,,,,Yes,23,0,0,19,12:51,,"Yes, but not uploaded",,Camo,1058,-68.2238240453484,44.3524444386084
279,fc9845a7-38f1-4612-bce3-c938a274c879,8/29/2023 8:45:58 PM,,8/29/2023 8:45:58 PM,,8/29/2023 4:00:00 PM,12:57,,3,No,,,,,Yes,14,0,1,10,13:02,,"Yes, but not uploaded",,Camo,1107,-68.2236323126907,44.3524047728084
280,33159d73-3193-47b8-86ff-8f97c85d152c,8/29/2023 8:45:59 PM,,8/29/2023 8:45:59 PM,,8/29/2023 4:00:00 PM,13:10,,3,No,,,,,Yes,4,0,0,4,13:13,,Yes,,Camo,25,-68.2234315036878,44.3524479617192
281,d17e245e-4ef0-41fa-9ea0-87e8044fd05c,8/29/2023 8:45:59 PM,,8/29/2023 8:45:59 PM,,8/29/2023 4:00:00 PM,13:21,,3,No,,,,,Yes,13,1,4,10,13:23,,Yes,,Camo,1205,-68.2232380861112,44.3524451860203
282,7d5f90d2-01ea-48aa-bc29-6f7878a12419,8/29/2023 8:46:00 PM,,8/29/2023 8:46:00 PM,,8/29/2023 4:00:00 PM,13:25,,3,No,,,,,Yes,2,0,0,2,13:40,,"Yes, but not uploaded",,Camo,1303,-68.2229122054869,44.3524387646474
283,85aa6762-4165-417c-b0ff-78714e9e5797,8/29/2023 8:46:00 PM,,8/29/2023 8:46:00 PM,,8/29/2023 4:00:00 PM,13:42,,3,No,,,,,Yes,11,0,0,7,13:50,,Yes,,Camo,1254,-68.2227240758611,44.3524671395924
284,8e6952a4-1e86-4dbe-9f38-97394e9c45e9,8/29/2023 8:46:01 PM,,8/29/2023 8:46:01 PM,,8/29/2023 4:00:00 PM,13:57,,3,No,,,,,Yes,10,0,0,8,14:00,,"Yes, but not uploaded",,Camo,1401,-68.2225489765904,44.3524215965586
285,2dacddd5-e84b-403b-8ba0-6cef32de53e2,8/29/2023 8:46:02 PM,,8/29/2023 8:46:02 PM,,8/29/2023 4:00:00 PM,14:03,,3,No,,,,,Yes,8,0,0,6,14:06,,Yes,,Camo,1402,-68.2226244295173,44.352300708275
286,6f3fd562-9926-4d1f-a801-7747b941e6bc,8/29/2023 8:46:08 PM,,8/29/2023 8:46:08 PM,,8/11/2023 4:00:00 PM,10:30,,5,Yes,12,0,0,12,Yes,1,0,0,0,10:46,"Yes, but not uploaded","Yes, but not uploaded",,shha,3942,-68.3202450253284,44.2263598166819
287,1daf58ea-820c-42fa-b131-ba014a73beb2,8/29/2023 8:46:08 PM,,8/29/2023 8:46:08 PM,,8/11/2023 4:00:00 PM,10:48,,4,No,,,,,No,,,,,10:53,,,,shhe,3943,-68.3202361766127,44.2262343715459
288,2e8637a1-541c-4702-88f9-5ba557f4e8ae,8/29/2023 8:46:09 PM,,8/29/2023 8:46:09 PM,,8/11/2023 4:00:00 PM,10:58,,5,Yes,16,0,0,12,Yes,4,0,0,0,11:02,"Yes, but not uploaded","Yes, but not uploaded",,shhe,4031,-68.3200441935793,44.2262228348769
289,6a1f8203-11a2-49d3-95a7-3e6208997d85,8/29/2023 8:46:09 PM,,8/29/2023 8:46:09 PM,,8/11/2023 4:00:00 PM,11:05,,5,No,,,,,No,,,,,11:05,,,,shhe,4032,-68.3200070308846,44.226136240434
290,e7b0c6f0-0d89-4db2-954c-3cf07b887a0b,8/29/2023 8:46:10 PM,,8/29/2023 8:46:10 PM,,8/11/2023 4:00:00 PM,11:09,,5,Yes,17,0,0,17,Yes,16,0,0,12,11:20,"Yes, but not uploaded","Yes, but not uploaded",,shhe,4120,-68.3198417129813,44.2261206384701
291,0c3efff4-e490-4249-b2bf-0ba381b769c7,8/29/2023 8:46:11 PM,,8/29/2023 8:46:11 PM,,8/11/2023 4:00:00 PM,11:22,,5,Yes,18,4,0,0,No,,,,,11:32,Yes,,,shhe,4209,-68.3197020484423,44.2259608131307
292,d08ce1d2-a4aa-452d-9de2-05756dad6272,8/29/2023 8:46:11 PM,,8/29/2023 8:46:11 PM,,8/11/2023 4:00:00 PM,11:40,,5,Yes,25,0,0,12,No,,,,,11:53,"Yes, but not uploaded",,,shhe,4297,-68.3195042183836,44.2259583567611
293,b0092a5f-7fb8-4266-a35d-6349afd52e27,8/29/2023 8:46:12 PM,,8/29/2023 8:46:12 PM,,8/11/2023 4:00:00 PM,12:38,,5,Yes,4,0,0,3,Yes,14,0,0,1,12:51,"Yes, but not uploaded","Yes, but not uploaded",,shhe,4474,-68.3191675832769,44.2258511446157
294,7d9166ce-c2ca-4f00-93a8-f1974d9f41c1,8/29/2023 8:46:13 PM,,8/29/2023 8:46:13 PM,,8/11/2023 4:00:00 PM,12:56,,5,Yes,25,0,0,20,No,,,,,13:00,"Yes, but not uploaded",,,sshe,4475,-68.3191555499952,44.2257134256471
295,8a272102-ee0b-46de-b583-6789ae80ed67,8/29/2023 8:46:13 PM,,8/29/2023 8:46:13 PM,,8/11/2023 4:00:00 PM,13:04,,5,Yes,25,0,0,3,Yes,1,0,0,1,13:13,"Yes, but not uploaded","Yes, but not uploaded",,shhe,4563,-68.3189771407657,44.2257465386169
296,7d431ed5-830f-426f-ac9a-272ef584ed23,8/29/2023 8:46:14 PM,,8/29/2023 8:46:14 PM,,8/11/2023 4:00:00 PM,13:16,,5,No,,,,,No,,,,,13:17,,,,shhe,4564,-68.3188739900815,44.2255475161218
297,11e468d8-8ba1-4e83-a742-1f77c98d0d22,8/29/2023 8:46:14 PM,,8/29/2023 8:46:14 PM,,8/11/2023 4:00:00 PM,13:22,,5,Yes,11,0,0,1,No,,,,,13:28,"Yes, but not uploaded",,,shhe,4740,-68.3186100697544,44.2255772077261
298,d628b3b5-5601-4520-a6f8-50edb9dc3736,8/29/2023 8:46:15 PM,,8/29/2023 8:46:15 PM,,8/29/2023 4:00:00 PM,11:41,,3,No,,,,,Yes,2,0,1,2,11:43,,No,Dry fruit,Camo,912,-68.2243334637701,44.352285813704
299,9f03d0e5-bee4-4e93-8256-abb4b2c93eba,8/29/2023 8:46:16 PM,,8/29/2023 8:46:16 PM,,8/29/2023 4:00:00 PM,11:57,,3,No,,,,,Yes,21,0,0,17,12:05,,"Yes, but not uploaded",,Camo,9613,-68.2241623866644,44.3522599463208
300,28c639e0-fbb7-4a43-ad40-51151a3a34e9,8/29/2023 8:46:16 PM,,8/29/2023 8:46:16 PM,,8/29/2023 4:00:00 PM,12:46,,31,No,,,,,Yes,11,0,0,11,12:48,,"Yes, but not uploaded",,Camo,1010,-68.2239954743323,44.3523006535502
301,ac7c91bf-cb27-4ab0-a683-cc8960755f52,8/29/2023 8:46:17 PM,,8/29/2023 8:46:17 PM,,8/29/2023 4:00:00 PM,13:02,,3,No,,,,,Yes,7,0,0,6,13:09,,"Yes, but not uploaded",Dried stick no friut on it,Camo,1059,-68.2237860416902,44.3523121748299
302,c0be713b-c245-41ef-83e2-0d92cff28bc2,8/29/2023 8:46:17 PM,,8/29/2023 8:46:17 PM,,8/29/2023 4:00:00 PM,13:17,,3,No,,,,,Yes,8,0,0,8,13:25,,"Yes, but not uploaded",,Camo,1108,-68.2236663309662,44.3523225037766
303,d4b704c4-11a4-4966-9eef-8a8b9beb8fe7,8/29/2023 8:46:18 PM,,8/29/2023 8:46:18 PM,,8/29/2023 4:00:00 PM,13:35,,3,No,,,,,Yes,14,1,4,12,13:40,,"Yes, but not uploaded",,Camo,1206,-68.2230981599508,44.3523010942392
304,485e34cf-f4d0-48aa-b870-3712362767b5,8/29/2023 8:46:18 PM,,8/29/2023 8:46:18 PM,,8/29/2023 4:00:00 PM,13:52,,3,No,,,,,Yes,5,0,0,5,13:56,,"Yes, but not uploaded",,Camo,1353,-68.222668195586,44.3523201356901
305,689f287a-b9bc-4a09-9700-93c5be553d8c,8/29/2023 8:46:19 PM,,8/29/2023 8:46:19 PM,,8/29/2023 4:00:00 PM,14:01,,3,No,,,,,Yes,2,0,0,2,14:05,,"Yes, but not uploaded",,Camo,1304,-68.2229288692134,44.3522787801147
306,b14e0264-72fa-4984-b029-8b333de9b372,8/31/2023 8:02:41 PM,,8/31/2023 8:02:41 PM,,8/31/2023 4:00:00 PM,09:39,,JML,No,,,,,No,,,,,09:47,,,:(,sche,141,-68.0537366218336,44.3498076757022
307,76cc23d1-9f5c-4a78-b727-47c683453ba9,8/31/2023 8:02:42 PM,,8/31/2023 8:02:42 PM,,8/31/2023 4:00:00 PM,09:50,,JML,No,,,,,No,,,,,09:53,,,Partially in the road,sche,78,-68.0541001187612,44.3499682683882
308,77264ac1-44d2-4375-84fe-dda5d38ddef4,8/31/2023 8:02:42 PM,,8/31/2023 8:02:42 PM,,8/31/2023 4:00:00 PM,10:00,,JML,No,,,,,Yes,1,0,0,1,10:05,,"Yes, but not uploaded",,sche,47,-68.0542905658272,44.3499572379818
309,9a976a31-1311-467d-b228-dbd3852a8dd5,8/31/2023 8:02:43 PM,,8/31/2023 8:02:43 PM,,8/31/2023 4:00:00 PM,10:09,,JML,No,,,,,Yes,9,0,0,5,10:18,,"Yes, but not uploaded",,sche,16,-68.0545314606949,44.3499952343871
310,ce0314f7-b829-4323-a572-e6e889780328,8/31/2023 8:02:43 PM,,8/31/2023 8:02:43 PM,,8/31/2023 4:00:00 PM,10:28,,JML,No,,,,,Yes,3,0,0,1,10:34,,"Yes, but not uploaded",,sche,264,-68.0530421006556,44.3499570205994
311,8a220624-d96d-4e43-895f-6dc7c13cb3ee,8/31/2023 8:02:44 PM,,8/31/2023 8:02:44 PM,,8/31/2023 4:00:00 PM,10:36,,JML,No,,,,,No,,,,,10:39,,,Pretty inaccessible,sche,263,-68.0530058781386,44.3501204849063
312,56178e6e-5677-44d0-b1dc-45b0a01edf2d,8/31/2023 8:02:45 PM,,8/31/2023 8:02:45 PM,,8/31/2023 4:00:00 PM,11:00,,JML,Yes,25,0,0,25,Yes,8,0,0,3,11:09,"Yes, but not uploaded","Yes, but not uploaded",At edge of radius out of the brush,sche,208,-68.0534027652501,44.349214254614
313,46bed229-1274-4e6f-98da-3bccad621e19,8/31/2023 8:02:45 PM,,8/31/2023 8:02:45 PM,,8/31/2023 4:00:00 PM,11:16,,JML,Yes,23,0,0,23,Yes,3,0,1,2,11:21,"Yes, but not uploaded","Yes, but not uploaded","Dry cinquefoil fruit, crowberry found in a dead patch",sche,211,-68.0534239721829,44.348856034798
314,1599d740-1529-4842-bd8b-352311d03a0c,8/31/2023 8:02:46 PM,,8/31/2023 8:02:46 PM,,8/31/2023 4:00:00 PM,11:25,,JML,Yes,15,0,0,9,Yes,2,0,0,0,11:32,"Yes, but not uploaded","Yes, but not uploaded",,sche,210,-68.0534164141582,44.348968442496
315,060423a6-0317-406c-82e4-a6c908306bc4,8/31/2023 8:02:47 PM,,8/31/2023 8:02:47 PM,,8/31/2023 4:00:00 PM,11:43,,JML,No,,,,,No,,,,,11:46,,,Inaccessible and unsafe,sche,180,-68.0535207197659,44.3488404311524
316,b40621b1-b29e-4906-8ddf-1389eecccf17,8/31/2023 8:02:48 PM,,8/31/2023 8:02:48 PM,,8/31/2023 4:00:00 PM,12:41,,JML,No,,,,,Yes,4,0,0,1,12:45,,"Yes, but not uploaded",,sche,149,-68.0537650068589,44.348841505487
317,2e37df4f-a80b-44c0-9eb0-180218f9f869,8/31/2023 8:02:49 PM,,8/31/2023 8:02:49 PM,,8/31/2023 4:00:00 PM,12:53,,JML,No,,,,,Yes,4,0,0,2,12:57,,"Yes, but not uploaded",,sche,361,-68.0524856436999,44.3494646484455
318,36a72116-2fc1-4c22-86af-0508edf21a99,8/31/2023 8:02:50 PM,,8/31/2023 8:02:50 PM,,8/31/2023 4:00:00 PM,12:59,,JML,No,,,,,Yes,2,0,0,1,13:02,,"Yes, but not uploaded",,sche,360,-68.052507169784,44.349607874459
319,0ed8c493-5a62-42e2-943b-9c849a9cd71f,8/31/2023 8:02:50 PM,,8/31/2023 8:02:50 PM,,8/31/2023 4:00:00 PM,13:05,,JML,No,,,,,Yes,19,0,0,8,13:08,,"Yes, but not uploaded",,sche,362,-68.0525149320702,44.3493563959267
320,06791084-280e-43fc-bd1c-6a0bfed13e78,8/31/2023 8:02:51 PM,,8/31/2023 8:02:51 PM,,8/31/2023 4:00:00 PM,13:11,,JML,No,,,,,No,,,,,13:14,,,,sche,392,-68.052312941234,44.3494912441348
321,5afae1c0-c917-4c8a-8556-3a6585c19a58,8/31/2023 8:02:52 PM,,8/31/2023 8:02:52 PM,,8/31/2023 4:00:00 PM,13:21,,JML,No,,,,,No,,,,,13:24,,,Pretty inaccessible,sche,391,-68.0523449226848,44.3495984522633
322,78ae3c69-76a3-4830-91ed-c06324f5b518,8/31/2023 8:02:52 PM,,8/31/2023 8:02:52 PM,,8/31/2023 4:00:00 PM,13:49,,JML,No,,,,,Yes,2,0,0,2,13:52,,"Yes, but not uploaded",,sche,325,-68.0527030482956,44.350120859957
323,39a61542-a142-47a4-b0fe-debfa1553bc6,8/31/2023 8:02:53 PM,,8/31/2023 8:02:53 PM,,8/31/2023 4:00:00 PM,13:56,,JML,Yes,23,0,0,23,Yes,3,0,0,1,13:59,"Yes, but not uploaded","Yes, but not uploaded",,sche,294,-68.0528881555514,44.3501194091145
324,6895a7e7-8e5b-4868-bad5-f57d7a8ff336,8/31/2023 8:06:39 PM,,8/31/2023 8:06:39 PM,,8/31/2023 4:00:00 PM,13:57,,4,No,,,,,No,,,,,14:02,,,,SCHD,386,-68.0522669617614,44.3502262535592
325,116dc228-2778-46e7-aa9f-00bd4a269835,8/31/2023 8:21:55 PM,hannah.webber,8/31/2023 8:21:55 PM,hannah.webber,8/31/2023 4:00:00 PM,09:39,,4,Yes,19,0,0,19,Yes,7,0,0,3,09:52,"Yes, but not uploaded","Yes, but not uploaded",,SCHE,293,-68.05288282,44.3502248
326,c1aa4c51-4cbc-4381-81d3-160b7a1989ea,8/31/2023 8:21:56 PM,hannah.webber,8/31/2023 8:21:56 PM,hannah.webber,8/31/2023 4:00:00 PM,09:57,,4,Yes,25,0,0,25,Yes,2,0,0,1,10:12,"Yes, but not uploaded","Yes, but not uploaded",,SCHE,2924,-68.05288477,44.35035327
327,a5ee90e0-919c-47e2-a30b-890d24838d29,8/31/2023 8:21:57 PM,hannah.webber,8/31/2023 8:22:54 PM,hannah.webber,8/31/2023 4:00:00 PM,10:18,,4,Yes,10,0,0,10,Yes,8,0,0,1,10:33,"Yes, but not uploaded","Yes, but not uploaded",,SCHE,291,-68.05285543,44.35047926
328,f908a6a0-3467-4ad3-9877-8025400ce642,8/31/2023 8:21:58 PM,hannah.webber,8/31/2023 8:23:32 PM,hannah.webber,8/31/2023 4:00:00 PM,10:41,,4,Yes,14,0,0,14,No,,,,,10:54,"Yes, but not uploaded",,,SCHE,290,-68.05286995,44.35062718
329,1db2e921-562c-4407-a137-0397d8857441,8/31/2023 8:21:59 PM,hannah.webber,8/31/2023 8:24:01 PM,hannah.webber,8/31/2023 4:00:00 PM,11:14,,4,No,,,,,No,,,,,11:24,,,,sche,286,-68.05287207,44.3511621
330,8a55ecf7-c25a-4dc9-94f4-c9bdf69e719c,8/31/2023 8:21:59 PM,hannah.webber,8/31/2023 8:24:29 PM,hannah.webber,8/31/2023 4:00:00 PM,11:31,,4,Yes,12,0,0,0,Yes,9,0,0,1,11:41,"Yes, but not uploaded",No,,sche,287,-68.05285841,44.35102134
331,6c797360-a1a1-450b-aaa2-289e4cb1b8c1,8/31/2023 8:22:00 PM,hannah.webber,8/31/2023 8:25:11 PM,hannah.webber,8/31/2023 4:00:00 PM,12:01,,4,No,,,,,No,,,,,12:09,,, crowberry just outside grid cell radius,sche,288,-68.05289322,44.35090967
332,dcdc7f19-4a32-47c1-8cc3-05dd17a4a9b2,8/31/2023 8:22:01 PM,hannah.webber,8/31/2023 8:25:48 PM,hannah.webber,8/31/2023 4:00:00 PM,12:57,,4,Yes,16,0,0,16,Yes,7,0,0,1,13:07,"Yes, but not uploaded","Yes, but not uploaded",,sche,289,-68.05284128,44.35075153
333,285914a0-104a-4c2f-a38b-3967ca8f11a1,8/31/2023 8:22:02 PM,hannah.webber,8/31/2023 8:26:18 PM,hannah.webber,8/31/2023 4:00:00 PM,13:18,,4,Yes,9,0,0,9,No,,,,,13:28,"Yes, but not uploaded",,Some three toothed cinquefoil outside area,sche,323,-68.05272193,44.35037825
334,0d5233f9-ef2e-4511-8253-6bebf18e17a4,8/31/2023 8:22:02 PM,hannah.webber,8/31/2023 8:26:54 PM,hannah.webber,8/31/2023 4:00:00 PM,13:36,,4,Yes,24,0,0,24,Yes,8,0,0,2,13:40,"Yes, but not uploaded","Yes, but not uploaded",,sche,324,-68.05266258,44.3502582
335,c618a503-0866-43bc-9d27-820f3a50f1ac,9/1/2023 7:03:03 PM,hannah.webber,9/1/2023 7:03:03 PM,hannah.webber,9/1/2023 4:00:00 PM,08:46,,5,No,,,,,Yes,8,0,0,0,09:00,,"Yes, but not uploaded",Surrounded bylots of rosebushes on site,blhi,162,-68.04547597,44.33869509
336,5f663947-7ca7-495d-b3ae-ab7c65ad7088,9/1/2023 7:03:04 PM,hannah.webber,9/1/2023 7:03:04 PM,hannah.webber,9/1/2023 4:00:00 PM,09:29,,1554,No,,,,,No,,,,,09:32,,,Crowberry Outside of circle. Dense veggitation,BLHI,5,-68.04573491,44.33825206
337,d9dd5b3b-46b7-4755-83e9-ca3e0b5fc4c9,9/1/2023 7:03:05 PM,hannah.webber,9/1/2023 7:03:05 PM,hannah.webber,9/1/2023 4:00:00 PM,09:41,,5,Yes,9,0,0,6,No,,,,,09:47,"Yes, but not uploaded",,,BLHI,1555,-68.04574445,44.33814069
338,bc1033d4-ef5b-444d-bd5b-246e09c679c9,9/1/2023 7:03:06 PM,hannah.webber,9/1/2023 7:03:06 PM,hannah.webber,9/1/2023 4:00:00 PM,10:01,,5,Yes,22,0,0,12,No,,,,,10:13,"Yes, but not uploaded",,,BLHL,1516,-68.04598153,44.33827849
339,ffe16fca-7433-4cda-9e90-4a152ea7cf44,9/1/2023 7:03:07 PM,hannah.webber,9/1/2023 7:03:07 PM,hannah.webber,9/1/2023 4:00:00 PM,10:21,,5,No,,,,,No,,,,,10:22,,,,blhi,1515,-68.04594595,44.3384041
340,3049acc2-35fc-403e-a648-7d9c1f48198d,9/1/2023 7:03:08 PM,hannah.webber,9/1/2023 7:03:08 PM,hannah.webber,9/1/2023 4:00:00 PM,10:32,,5,No,,,,,No,,,,,10:34,,,,blhi,1514,-68.04596041,44.33853639
341,1696c37f-f060-4e3e-8316-36c8d0d01bfb,9/1/2023 7:03:09 PM,hannah.webber,9/1/2023 7:03:09 PM,hannah.webber,9/1/2023 4:00:00 PM,10:42,,5,No,,,,,No,,,,,10:46,,,,blhi,1514,-68.04616409,44.3386584
342,73cab04d-db6f-44c3-babb-1e3a4ec3823c,9/1/2023 7:03:10 PM,hannah.webber,9/1/2023 7:03:10 PM,hannah.webber,9/1/2023 4:00:00 PM,11:01,,5,No,,,,,Yes,8,0,2,6,11:08,,"Yes, but not uploaded",,blhi,1060,-68.04812095,44.33828138
343,55daf14c-d983-41e3-af65-00f3f7048b1a,9/1/2023 7:03:10 PM,hannah.webber,9/1/2023 7:03:10 PM,hannah.webber,9/1/2023 4:00:00 PM,11:16,,5,No,,,,,Yes,25,0,0,2,11:27,,"Yes, but not uploaded",Flowering cinquefoil nearby. Moss on site,blhi,1022,-68.04821427,44.33827327
344,916e6029-72fb-41e3-a3ed-7c0cc720be0c,9/1/2023 7:03:11 PM,hannah.webber,9/1/2023 7:03:11 PM,hannah.webber,9/1/2023 4:00:00 PM,11:32,,5,No,,,,,Yes,7,0,2,3,11:40,,"Yes, but not uploaded",,blhi,1023,-68.04826453,44.33816093
345,7f24e017-5e96-4f75-82e0-0455cfb0c531,9/1/2023 7:03:12 PM,hannah.webber,9/1/2023 7:03:12 PM,hannah.webber,9/1/2023 4:00:00 PM,11:47,,5,No,,,,,No,,,,,11:54,,,,blhi,985,-68.04846532,44.33816401
346,88577ca0-b2a6-4022-8162-464cb7be0d4b,9/1/2023 7:03:13 PM,hannah.webber,9/1/2023 7:03:13 PM,hannah.webber,9/1/2023 4:00:00 PM,12:38,,5,No,,,,,No,,,,,12:43,,,,blhi,947,-68.04864541,44.33815617
347,d660ded4-c3ff-4100-993f-4e5de6e7d507,9/1/2023 7:03:15 PM,hannah.webber,9/1/2023 7:03:15 PM,hannah.webber,9/1/2023 4:00:00 PM,12:47,,5,No,,,,,No,,,,,12:48,,,,blhi,909,-68.0488157,44.33815794
348,71ae86f7-4143-4e97-b795-72c02ee4c72b,9/1/2023 7:03:16 PM,hannah.webber,9/1/2023 7:03:16 PM,hannah.webber,9/1/2023 4:00:00 PM,12:57,,5,Yes,11,0,0,10,Yes,6,0,0,3,13:04,"Yes, but not uploaded","Yes, but not uploaded",,blhi,1020,-68.04824749,44.33856173
349,ded2b710-06d3-4488-8d4b-56529f1d7410,9/1/2023 7:03:16 PM,hannah.webber,9/1/2023 7:03:16 PM,hannah.webber,9/1/2023 4:00:00 PM,13:09,,5,Yes,10,0,0,8,Yes,5,0,0,1,13:16,"Yes, but not uploaded","Yes, but not uploaded",,blhi,1019,-68.04827317,44.33867724
350,97c09f31-1b1f-46dd-bc40-009f42798608,9/1/2023 7:03:17 PM,hannah.webber,9/1/2023 7:03:17 PM,hannah.webber,9/1/2023 4:00:00 PM,13:25,,5,Yes,8,0,0,7,Yes,10,0,0,3,13:29,"Yes, but not uploaded","Yes, but not uploaded",,blhi,1057,-68.04811345,44.33868509
351,cc7bc791-4603-4114-8f76-e6939e0b0fcd,9/1/2023 7:03:18 PM,hannah.webber,9/1/2023 7:03:18 PM,hannah.webber,9/1/2023 4:00:00 PM,13:49,,5,No,,,,,Yes,15,0,0,4,13:52,,"Yes, but not uploaded",,blhi,1096,-68.04792423,44.33854475
352,29d8af22-85a5-466c-809c-f68a7443009e,9/1/2023 7:03:18 PM,hannah.webber,9/1/2023 7:03:18 PM,hannah.webber,9/1/2023 4:00:00 PM,14:03,,5,Yes,5,0,0,5,Yes,14,0,0,3,14:07,"Yes, but not uploaded","Yes, but not uploaded",,blhi,1095,-68.04792393,44.33868185
353,cd809d29-aa59-43f9-95d6-1e999507e8f6,9/1/2023 7:03:26 PM,,9/1/2023 7:03:26 PM,,9/1/2023 4:00:00 PM,08:36,,JML,No,,,,,Yes,20,0,1,9,08:41,,"Yes, but not uploaded",,blhi,1587,-68.0455623254663,44.3389398608303
354,6761ce7c-1604-4739-92c0-2c0fc726ad4b,9/1/2023 7:03:27 PM,,9/1/2023 7:03:27 PM,,9/1/2023 4:00:00 PM,08:44,,JML,Yes,14,0,0,14,Yes,19,0,7,8,08:50,"Yes, but not uploaded","Yes, but not uploaded",Dead crowberry,blhi,1549,-68.045757054737,44.3389098085856
355,a49bd06f-c036-463f-81f9-2e4fbbb08d88,9/1/2023 7:03:28 PM,,9/1/2023 7:03:28 PM,,9/1/2023 4:00:00 PM,08:53,,JML,No,,,,,Yes,3,0,1,3,08:59,,"Yes, but not uploaded",,blhi,1511,-68.0459094294975,44.3389330732049
356,0fa0d13e-ba23-4813-abf6-a0735afe4d88,9/1/2023 7:03:28 PM,,9/1/2023 7:03:28 PM,,9/1/2023 4:00:00 PM,09:12,,JML,No,,,,,No,,,,,09:17,,,:(,blhi,1585,-68.0455927993418,44.3391882216936
357,b41decca-363e-4c88-94da-4dba8591d971,9/1/2023 7:03:29 PM,,9/1/2023 7:03:29 PM,,9/1/2023 4:00:00 PM,09:21,,JML,No,,,,,No,,,,,09:25,,,:(,blhi,1586,-68.0456285805083,44.3390489504565
358,ecadf94a-84b1-44f8-b5e1-662d55e3da16,9/1/2023 7:03:30 PM,,9/1/2023 7:03:30 PM,,9/1/2023 4:00:00 PM,09:30,,JML,No,,,,,Yes,7,0,0,6,09:33,,"Yes, but not uploaded",,blhi,1662,-68.0452284276597,44.3390576916282
359,2ad64cd2-de89-4c1a-b5fb-408a87fc3b5e,9/1/2023 7:03:30 PM,,9/1/2023 7:03:30 PM,,9/1/2023 4:00:00 PM,09:36,,JML,No,,,,,Yes,25,3,9,20,09:40,,"Yes, but not uploaded",,blhi,1700,-68.0450725901128,44.3390646426115
360,35842879-a851-4a7a-85f8-2ebfa8aab3a2,9/1/2023 7:03:31 PM,,9/1/2023 7:03:31 PM,,9/1/2023 4:00:00 PM,09:42,,JML,No,,,,,Yes,7,0,0,3,09:45,,"Yes, but not uploaded",,blhi,1699,-68.045040960724,44.33918223012
361,2a1b9a57-ea71-4d8d-b563-7181e342cdfa,9/1/2023 7:03:31 PM,,9/1/2023 7:03:31 PM,,9/1/2023 4:00:00 PM,09:46,,JML,No,,,,,Yes,14,0,0,7,09:51,,"Yes, but not uploaded",,blhi,1661,-68.0452194001652,44.3391992325146
362,cab6d92e-baa1-4655-b242-c8319211dc23,9/1/2023 7:03:32 PM,,9/1/2023 7:03:32 PM,,9/1/2023 4:00:00 PM,09:53,,JML,No,,,,,Yes,2,0,0,0,10:03,,"Yes, but not uploaded",,blhi,1698,-68.0450931361568,44.3393217867057
363,9f77698f-f29c-46db-b88b-9d892f0c0f5f,9/1/2023 7:03:33 PM,,9/1/2023 7:03:33 PM,,9/1/2023 4:00:00 PM,10:08,,JML,Yes,19,0,0,0,Yes,7,0,2,6,10:11,"Yes, but not uploaded","Yes, but not uploaded",,blhi,1697,-68.0450281927191,44.3394270500823
364,31f94535-4320-40db-8dc9-56da7a1248c0,9/1/2023 7:03:33 PM,,9/1/2023 7:03:33 PM,,9/1/2023 4:00:00 PM,10:13,,JML,Yes,2,0,0,1,Yes,3,0,0,1,10:18,"Yes, but not uploaded","Yes, but not uploaded",,blhi,1696,-68.0450235498521,44.3395861414266
365,8f4ef2be-6109-4f38-b22a-52b44b381817,9/1/2023 7:03:34 PM,,9/1/2023 7:03:34 PM,,9/1/2023 4:00:00 PM,10:19,,JML,Yes,12,0,0,12,Yes,9,0,1,6,10:21,"Yes, but not uploaded","Yes, but not uploaded",Dead crowberry,blhi,1734,-68.0448812484253,44.3395916980013
366,9026ae03-0f11-48d3-8116-785c8e814593,9/1/2023 7:03:34 PM,,9/1/2023 7:03:34 PM,,9/1/2023 4:00:00 PM,10:23,,JML,Yes,15,0,0,7,Yes,1,0,0,1,10:27,"Yes, but not uploaded","Yes, but not uploaded",,blhi,1733,-68.0448304529302,44.3397204041637
367,4cb2b216-5002-47fc-aa71-0fe7c027d276,9/1/2023 7:03:35 PM,,9/1/2023 7:03:35 PM,,9/1/2023 4:00:00 PM,10:29,,JML,Yes,14,0,0,3,Yes,5,0,0,1,10:33,"Yes, but not uploaded","Yes, but not uploaded",,blhi,1770,-68.0447072769661,44.3398397674377
368,24122547-6ec8-46eb-b56c-36298ba284d8,9/1/2023 7:03:36 PM,,9/1/2023 7:03:36 PM,,9/1/2023 4:00:00 PM,10:35,,JML,No,,,,,Yes,10,0,0,6,10:40,,"Yes, but not uploaded",,blhi,1732,-68.0448876952087,44.3398491907304
369,b5b2f436-b6ed-4f7b-9e6d-1e07d9022849,9/1/2023 7:03:36 PM,,9/1/2023 7:03:36 PM,,9/1/2023 4:00:00 PM,10:59,,JML,Yes,9,0,0,5,No,,,,,11:06,"Yes, but not uploaded",,,blhi,1803,-68.0445169237349,44.3404805503628
370,d427842b-a75e-428e-895c-1b815f89f22a,9/1/2023 7:03:37 PM,,9/1/2023 7:03:37 PM,,9/1/2023 4:00:00 PM,11:08,,JML,Yes,14,0,0,7,Yes,13,0,0,5,11:12,"Yes, but not uploaded","Yes, but not uploaded",Cliff - partial inaccessibility,blhi,1841,-68.0443754662803,44.3404783314972
371,ec65570d-19fc-44f5-b4d1-0ef737e70f54,9/1/2023 7:03:37 PM,,9/1/2023 7:03:37 PM,,9/1/2023 4:00:00 PM,11:19,,JML,No,,,,,No,,,,,11:21,,,Steep - partially inaccessible,blhi,1801,-68.0445227244857,44.3407457866781
372,e6606a6c-4d2d-4376-b205-21542f05eb11,9/1/2023 7:03:38 PM,,9/1/2023 7:03:38 PM,,9/1/2023 4:00:00 PM,11:28,,JML,Yes,23,0,0,21,No,,,,,11:32,"Yes, but not uploaded",,Crowberry forest - partially inaccessable,blhi,1835,-68.0442852806376,44.3412634904815
373,7b05445c-b3d9-4757-a83a-224c23dbc23f,9/1/2023 7:03:39 PM,,9/1/2023 7:03:39 PM,,9/1/2023 4:00:00 PM,11:37,,JML,Yes,25,0,0,25,No,,,,,11:41,"Yes, but not uploaded",,,blhi,1909,-68.0439671518181,44.3415046006869
374,b0af40f8-c012-4da1-9885-dbe4f089f008,9/1/2023 7:03:39 PM,,9/1/2023 7:03:39 PM,,9/1/2023 4:00:00 PM,12:32,,JML,Yes,9,0,0,0,Yes,3,0,0,1,12:36,"Yes, but not uploaded","Yes, but not uploaded",,blhi,1906,-68.0439461785662,44.3418816043085
375,01be7af0-cf59-4949-80c0-b54b799961e8,9/1/2023 7:03:40 PM,,9/1/2023 7:03:40 PM,,9/1/2023 4:00:00 PM,12:39,,JML,No,,,,,Yes,12,0,0,8,12:43,,"Yes, but not uploaded",,blhi,1908,-68.0439590079483,44.3416435324178
376,e93cc6aa-6d34-48e2-badc-433503d245b9,9/1/2023 7:03:40 PM,,9/1/2023 7:03:40 PM,,9/1/2023 4:00:00 PM,12:49,,JML,Yes,25,0,0,14,Yes,1,0,0,1,12:52,"Yes, but not uploaded","Yes, but not uploaded",,blhi,1945,-68.0437854049144,44.3417468384954
377,30d9973b-2ac3-4303-a612-612387d5c0b9,9/1/2023 7:03:41 PM,,9/1/2023 7:03:41 PM,,9/1/2023 4:00:00 PM,12:53,,JML,Yes,17,0,0,14,Yes,5,0,0,2,12:55,"Yes, but not uploaded","Yes, but not uploaded",,blhi,1944,-68.0437943889713,44.3419193164298
378,11591de7-23c4-495d-9365-dcf5f6cbb323,9/1/2023 7:03:41 PM,,9/1/2023 7:03:41 PM,,9/1/2023 4:00:00 PM,12:58,,JML,Yes,11,0,0,10,No,,,,,13:04,"Yes, but not uploaded",,,blhi,1943,-68.0437633226989,44.3419968893062
379,d0eb39d6-dfcf-48c2-8bd6-165828aba0de,9/1/2023 7:03:42 PM,,9/1/2023 7:03:42 PM,,9/1/2023 4:00:00 PM,13:06,,JML,Yes,25,0,0,25,Yes,4,0,0,1,13:09,"Yes, but not uploaded","Yes, but not uploaded",,blhi,1905,-68.0439795456741,44.3420196325537
380,cdda5952-3b01-403c-8948-ae039d78f91f,9/1/2023 7:03:43 PM,,9/1/2023 7:03:43 PM,,9/1/2023 4:00:00 PM,13:13,,JML,Yes,25,0,0,24,No,,,,,13:16,"Yes, but not uploaded",,Partially inaccessible ,blhi,1904,-68.0440017701699,44.3421323952989
381,1b6763c9-8d0f-40e8-ad1a-72ff93b56566,9/1/2023 7:03:43 PM,,9/1/2023 7:03:43 PM,,9/1/2023 4:00:00 PM,13:36,,JML,No,,,,,No,,,,,13:37,,,:(,blhi,1530,-68.0457569721524,44.3413933455901
382,f7cf2b81-b06d-449b-ada2-6a3ed2fccf15,9/1/2023 7:03:44 PM,,9/1/2023 7:03:44 PM,,9/1/2023 4:00:00 PM,13:37,,JML,Yes,23,0,0,12,Yes,15,0,0,6,13:45,"Yes, but not uploaded","Yes, but not uploaded",156B on map,blhi,1568,-68.045631855458,44.3413662974223
383,922bf690-ef00-434b-9731-db159713e058,9/1/2023 7:03:44 PM,,9/1/2023 7:03:44 PM,,9/1/2023 4:00:00 PM,13:51,,JML,No,,,,,No,,,,,13:54,,,Partially inaccessible - Magellans peat moss,blhi,1606,-68.0454683793791,44.3413977082495
